test_id,config,run,import_seconds,load_pdf_pages_seconds,detect_scan_seconds,build_clean_pages_seconds,chunk_seconds,build_index_seconds,search_seconds,generate_answer_seconds,build_prompt_seconds,generate_content_seconds,total_seconds,total_excl_duplicate_load_seconds,retry_count,is_abstained,error_message
test_01,page_aware,1,4.975136599998223,8.019466499998089,7.240000195452012e-05,7.924606800002948,47.01651119999951,45.23772440000175,0.10404399999970337,1.9141420999985712,,,110.21716150000066,102.19769500000257,,False,
test_01,page_aware,2,1.0910397000006924,6.960876599998301,7.850000110920519e-05,7.51641219999874,13.535839399999531,36.53004839999994,0.07917820000147913,1.8495610999998462,,,66.47264449999784,59.51176789999954,,False,
test_01,page_aware,3,0.8924707000005583,6.869647499999701,7.330000153160654e-05,7.562453000002279,13.839021099996899,34.83844540000064,0.08136609999928623,2.1286182000003464,,,65.3202635000016,58.4506160000019,,False,
test_01,fixed_size,1,0.8910673999998835,6.866900400000304,8.380000144825317e-05,7.4749617999987095,6.833475600000384,21.597205199999735,0.05767280000145547,1.9268416999984765,,,44.75776539999788,37.890864999997575,,False,
test_01,fixed_size,2,0.8645036999987497,6.8163829000004625,7.420000110869296e-05,7.440331199999491,6.782882699997572,21.785768500001723,0.061702999999397434,1.897196999998414,,,44.78497580000112,37.96859290000066,,False,
test_01,fixed_size,3,0.874136800000997,6.9881368999995175,7.279999772435986e-05,7.431042299998808,6.680619400001888,25.24191740000242,0.07236090000151307,2.136281899998721,,,48.55114719999983,41.563010300000315,,False,
test_01,longcontext,1,1.2055507000004582,6.850484800001141,,7.368145000000368,,,,,8.779999916441739e-05,2.613244800002576,16.832519599996886,9.982034799995745,0,False,
test_01,longcontext,2,0.7558167000024696,6.8132635000001756,,7.326746999999159,,,,,0.0001902999974845443,2.199063300002308,16.33982709999691,9.526563599996734,0,False,
test_01,longcontext,3,0.7665449999985867,6.802809299999353,,7.315895699997782,,,,,0.00016070000128820539,2.3112364999979036,16.430610599996726,9.627801299997373,0,False,
