id,config,question,answer_reference,answer_text,is_abstained,answer_correctness_manual,grader_note
test_01,page_aware,"Theo Điều 21 của Hiến pháp, mọi người có những quyền gì liên quan đến đời sống riêng tư, bí mật cá nhân, bí mật gia đình và thư tín?","Mọi người có quyền bất khả xâm phạm về đời sống riêng tư, bí mật cá nhân và bí mật gia đình, có quyền bảo vệ danh dự, uy tín của mình; thông tin về đời sống riêng tư được pháp luật bảo đảm an toàn. Mọi người cũng có quyền bí mật thư tín, điện thoại, điện tín và các hình thức trao đổi thông tin riêng tư khác; không ai được bóc mở, kiểm soát, thu giữ trái luật.","Dựa trên Điều 21 trong tài liệu, mọi người có các quyền sau:

1. **Liên quan đến đời sống riêng tư, bí mật cá nhân và gia đình:**
   - Quyền bất khả xâm phạm về đời sống riêng tư, bí mật cá nhân và bí mật gia đình.
   - Quyền bảo vệ danh dự, uy tín của mình.
   - Thông tin về đời sống riêng tư, bí mật cá nhân, bí mật gia đình được pháp luật bảo đảm an toàn.

2. **Liên quan đến thư tín, điện thoại, điện tín và các hình thức trao đổi thông tin riêng tư khác:**
   - Quyền bí mật thư tín, điện thoại, điện tín và các hình thức trao đổi thông tin riêng tư khác. 
   - Được pháp luật quy định không ai được bóc mở, kiểm soát, thu giữ trái luật thư tín, điện thoại, điện tín và các hình thức trao đổi thông tin riêng tư của người khác.",False,,
test_02,page_aware,"Theo Điều 33 và Điều 34 của Hiến pháp, công dân có những quyền gì về kinh doanh và an sinh xã hội?",Điều 33: Mọi người có quyền tự do kinh doanh trong những ngành nghề mà pháp luật không cấm. Điều 34: Công dân có quyền được bảo đảm an sinh xã hội.,"Dựa trên tài liệu:
- Điều 33: Mọi người có quyền tự do kinh doanh trong những ngành nghề mà pháp luật không cấm.
- Điều 34: Công dân có quyền được bảo đảm an sinh xã hội.",False,,
test_03,page_aware,"Theo Điều 61 của Hiến pháp, Nhà nước có những ưu tiên gì đối với giáo dục ở miền núi, hải đảo, vùng đồng bào dân tộc thiểu số, người khuyết tật và người nghèo?","Nhà nước ưu tiên phát triển giáo dục ở miền núi, hải đảo, vùng đồng bào dân tộc thiểu số và vùng có điều kiện kinh tế - xã hội đặc biệt khó khăn; ưu tiên sử dụng, phát triển nhân tài; tạo điều kiện để người khuyết tật và người nghèo được học văn hoá và học nghề.","Dựa trên tài liệu, tại Điều 61, Nhà nước có các ưu tiên và chính sách sau:
- Ưu tiên phát triển giáo dục ở miền núi, hải đảo, vùng đồng bào dân tộc thiểu số và vùng có điều kiện kinh tế - xã hội đặc biệt khó khăn.
- Tạo điều kiện để người khuyết tật và người nghèo được học văn hoá và học nghề.",False,,
test_04,page_aware,"Theo Điều 85 của Hiến pháp, luật và nghị quyết của Quốc hội cần được bao nhiêu đại biểu tán thành để thông qua trong trường hợp thông thường, và tỷ lệ này thay đổi thế nào khi làm Hiến pháp, sửa đổi Hiến pháp hoặc rút ngắn/kéo dài nhiệm kỳ Quốc hội?","Luật, nghị quyết của Quốc hội phải được quá nửa tổng số đại biểu Quốc hội biểu quyết tán thành; trường hợp làm Hiến pháp, sửa đổi Hiến pháp, quyết định rút ngắn hoặc kéo dài nhiệm kỳ của Quốc hội, bãi nhiệm đại biểu Quốc hội phải được ít nhất hai phần ba tổng số đại biểu Quốc hội biểu quyết tán thành.","Dựa trên tài liệu (Điều 85):

- **Trong trường hợp thông thường:** Luật, nghị quyết của Quốc hội phải được **quá nửa tổng số đại biểu Quốc hội** biểu quyết tán thành.
- **Khi làm Hiến pháp, sửa đổi Hiến pháp, quyết định rút ngắn hoặc kéo dài nhiệm kỳ của Quốc hội, bãi nhiệm đại biểu Quốc hội:** Tỷ lệ này thay đổi thành **ít nhất hai phần ba tổng số đại biểu Quốc hội** biểu quyết tán thành.",False,,
test_05,page_aware,"Theo Điều 117 của Hiến pháp, Hội đồng bầu cử quốc gia có nhiệm vụ gì và cơ cấu thành phần gồm những ai?","Hội đồng bầu cử quốc gia là cơ quan do Quốc hội thành lập, có nhiệm vụ tổ chức bầu cử đại biểu Quốc hội; chỉ đạo và hướng dẫn công tác bầu cử đại biểu Hội đồng nhân dân các cấp. Hội đồng bầu cử quốc gia gồm Chủ tịch, các Phó Chủ tịch và các Ủy viên.","Theo Điều 117, Hội đồng bầu cử quốc gia có các nhiệm vụ và cơ cấu thành phần như sau:

- **Nhiệm vụ:** Tổ chức bầu cử đại biểu Quốc hội; chỉ đạo và hướng dẫn công tác bầu cử đại biểu Hội đồng nhân dân các cấp.
- **Cơ cấu thành phần:** Gồm Chủ tịch, các Phó Chủ tịch và các Ủy viên.",False,,
test_06,page_aware,"Hiến pháp quy định độ tuổi nghỉ hưu cụ thể của cán bộ, công chức là bao nhiêu?",KHÔNG CÓ THÔNG TIN TRONG TÀI LIỆU,Không tìm thấy thông tin liên quan trong tài liệu.,True,,
test_07,page_aware,Hiến pháp quy định mức học phí cụ thể (bằng VNĐ) mà Nhà nước hỗ trợ cho học sinh trung học là bao nhiêu?,KHÔNG CÓ THÔNG TIN TRONG TÀI LIỆU,Không tìm thấy thông tin trong tài liệu.,True,,
test_08,page_aware,Điều 88 quy định thời hạn cụ thể bao nhiêu ngày để Chủ tịch nước phải ký quyết định bổ nhiệm Phó Thủ tướng Chính phủ sau khi Quốc hội thông qua nghị quyết?,KHÔNG CÓ THÔNG TIN TRONG TÀI LIỆU,Không tìm thấy thông tin trong tài liệu.,True,,
test_09,page_aware,"Tính đến cuối năm 2014, hệ thống phân phối của Vinamilk tại thị trường Việt Nam có bao nhiêu nhà phân phối và bao nhiêu điểm bán lẻ?","Tính đến cuối năm 2014, đối tác phân phối của Vinamilk là 268 nhà phân phối (năm 2013: 266 nhà phân phối) và hơn 215.000 điểm bán lẻ (năm 2013: hơn 224.000 điểm bán lẻ).","Dựa trên tài liệu, tính đến cuối năm 2014, hệ thống đối tác phân phối (Kênh General Trade – GT) của Vinamilk có:
- **268** nhà phân phối.
- Hơn **215.000** điểm bán lẻ.",False,,
test_10,page_aware,"Tính đến năm 2014, các đơn vị trực thuộc của Vinamilk gồm bao nhiêu chi nhánh, nhà máy, kho vận và phòng khám?","Các đơn vị trực thuộc của Vinamilk gồm 3 chi nhánh, 12 nhà máy đang hoạt động, 2 kho vận (tại Hà Nội và TP. Hồ Chí Minh) và 1 phòng khám đa khoa tại TP. Hồ Chí Minh.","Dựa trên tài liệu, các đơn vị trực thuộc của Vinamilk gồm:
- 3 chi nhánh
- 12 nhà máy
- 2 kho vận

Tài liệu không đề cập đến số lượng phòng khám là đơn vị trực thuộc của Vinamilk (chỉ nhắc đến ""Phòng khám An Khang"" có hoạt động đặc thù nhưng không nêu rõ là đơn vị trực thuộc hay quy mô cụ thể).",False,,
test_11,page_aware,"Đến cuối năm 2014, Vinamilk có bao nhiêu công ty con và công ty liên kết?","Đến cuối năm 2014, Vinamilk có 6 công ty con và 2 công ty liên kết.","Dựa trên tài liệu, đến cuối năm 2014, Vinamilk có 6 công ty con và 2 công ty liên kết.",False,,
test_12,page_aware,"Tại Việt Nam, hệ thống sản xuất của Vinamilk năm 2014 đang duy trì với bao nhiêu nhà máy và bao nhiêu trang trại?","Tại Việt Nam, Vinamilk đang duy trì hệ thống sản xuất với 13 nhà máy và 5 trang trại.","Dựa trên tài liệu, tại Việt Nam, hệ thống sản xuất của Vinamilk năm 2014 đang duy trì với **13 nhà máy và 5 trang trại**.",False,,
test_13,page_aware,"Theo báo cáo, tổng sản lượng sản xuất năm 2014 của Vinamilk là bao nhiêu tấn, và cường độ sử dụng điện bình quân trên mỗi tấn sản phẩm năm 2014 là bao nhiêu?","Tổng sản lượng năm 2014 là 843.557 tấn; cường độ sử dụng điện bình quân là 140,44 kwh/tấn sản phẩm.","Dựa trên tài liệu (Đoạn 5), tổng sản lượng sản xuất năm 2014 của Vinamilk là **843.557** tấn, và cường độ sử dụng điện bình quân trên mỗi tấn sản phẩm năm 2014 là **140,44** kwh/tấn sản phẩm.",False,,
test_14,page_aware,"Số lao động bình quân của Vinamilk và các công ty con năm 2014 là bao nhiêu người, và tỷ lệ nhân viên được ký hợp đồng lao động là bao nhiêu phần trăm?","Số lao động bình quân năm 2014 là 5.738 người (tổng số lao động của Vinamilk năm 2014 là trên 5.500 người); tỷ lệ nhân viên được ký hợp đồng lao động đạt 100% trong cả 3 năm 2012, 2013, 2014.","Dựa trên tài liệu:
- Số lao động bình quân của Vinamilk và các công ty con năm 2014 là **5.738** người.
- Tỷ lệ nhân viên được ký hợp đồng lao động là **100%**.",False,,
test_15,page_aware,"Doanh thu thuần của Vinamilk tính riêng theo từng quý (quý 1, 2, 3, 4) trong năm 2014 là bao nhiêu tỷ đồng mỗi quý?",KHÔNG CÓ THÔNG TIN TRONG TÀI LIỆU,Không tìm thấy thông tin trong tài liệu.,True,,
test_16,page_aware,Giá đóng cửa của cổ phiếu VNM (Vinamilk) trên sàn HOSE vào ngày 31/12/2014 là bao nhiêu đồng/cổ phiếu?,KHÔNG CÓ THÔNG TIN TRONG TÀI LIỆU,Không tìm thấy thông tin trong tài liệu.,True,,
test_17,page_aware,Vinamilk có kế hoạch xây dựng nhà máy chế biến sữa mới tại thị trường Mỹ vào năm nào?,KHÔNG CÓ THÔNG TIN TRONG TÀI LIỆU,Không tìm thấy thông tin trong tài liệu.,True,,
test_18,page_aware,"Đội Việt Nam Tuyên truyền Giải phóng quân được thành lập vào ngày nào, do ai chỉ huy, và có bao nhiêu người khi mới thành lập?","Đội Việt Nam Tuyên truyền Giải phóng quân được thành lập ngày 22/12/1944 tại Cao Bằng, do đồng chí Võ Nguyên Giáp chỉ huy; lúc thành lập đội chỉ có 34 người.",Không tìm thấy thông tin liên quan trong tài liệu.,True,,
test_19,page_aware,Thắng lợi của Cách mạng Tháng Tám năm 1945 đã lật đổ ách thống trị của thực dân Pháp kéo dài bao nhiêu năm và ách thống trị của phát xít Nhật kéo dài bao nhiêu năm?,Thắng lợi của Cách mạng Tháng Tám đã lật đổ ách thống trị trong 87 năm của thực dân Pháp và lật đổ ách thống trị của phát xít Nhật tồn tại trong 5 năm.,"Dựa trên tài liệu, thắng lợi của Cách mạng Tháng Tám năm 1945 đã lật đổ:
- Ách thống trị của thực dân Pháp kéo dài: 87 năm.
- Ách thống trị của phát xít Nhật kéo dài: 5 năm.",False,,
test_20,page_aware,Hội nghị Trung ương 6 của Đảng (tháng 11/1939) đã chủ trương thành lập mặt trận nào và đặt vấn đề gì lên hàng đầu?,"Hội nghị chủ trương thành lập Mặt trận dân tộc thống nhất phản đế Đông Dương, và đặt vấn đề dân tộc giải phóng, lấy quyền lợi dân tộc làm tối cao, lên hàng đầu thay vì đặt nặng vấn đề cách mạng ruộng đất.","Dựa trên tài liệu, Hội nghị Trung ương 6 của Đảng (tháng 11/1939) đã chủ trương thành lập **Mặt trận dân tộc thống nhất phản đế Đông Dương** và đặt **nhiệm vụ giải phóng dân tộc** lên hàng đầu.",False,,
test_21,page_aware,"Hội nghị Giơnevơ về Đông Dương đã thông qua Bản Tuyên bố cuối cùng vào ngày nào, và văn kiện này có ý nghĩa pháp lý gì đối với Việt Nam?","Ngày 21-7-1954, Hội nghị đã thông qua Bản Tuyên bố cuối cùng về vấn đề lập lại hòa bình ở Đông Dương. Đây là văn bản pháp lý quốc tế đầu tiên công nhận các quyền dân tộc cơ bản của nhân dân Việt Nam, Lào và Campuchia là độc lập, chủ quyền, thống nhất và toàn vẹn lãnh thổ, đánh dấu kết thúc thắng lợi cuộc kháng chiến chống thực dân Pháp xâm lược.","Dựa trên tài liệu:

- Ngày 21-7-1954, Hội nghị Giơnevơ đã thông qua Bản Tuyên bố cuối cùng về vấn đề lập lại hòa bình ở Đông Dương.
- Ý nghĩa pháp lý: Đây là văn bản pháp lý quốc tế đầu tiên công nhận các quyền dân tộc cơ bản của nhân dân Việt Nam, Lào và Campuchia (là độc lập, chủ quyền, thống nhất và toàn vẹn lãnh thổ).",False,,
test_22,page_aware,"Đến tháng 7-1956, cải cách ruộng đất ở miền Bắc căn bản hoàn thành với kết quả cụ thể như thế nào về số người, số hộ nông dân và diện tích ruộng đất được chia?",Hơn 9 triệu người trong hơn 2 triệu hộ nông dân lao động được chia hơn 810.000 ha ruộng đất.,"Dựa trên tài liệu, đến tháng 7-1956, cải cách ruộng đất căn bản hoàn thành ở đồng bằng, trung du và miền Bắc với kết quả cụ thể là: hơn 9 triệu người trong hơn 2 triệu hộ nông dân lao động được chia hơn 810.000 ha ruộng đất.",False,,
test_23,page_aware,"Qua hai lần chống chiến tranh phá hoại của đế quốc Mỹ, quân dân miền Bắc đã bắn rơi bao nhiêu máy bay và bắn cháy bao nhiêu tàu chiến?","Quân dân miền Bắc đã bắn rơi 4.181 máy bay (trong đó có nhiều B.52), bắn cháy 271 tàu chiến, bắt hàng trăm giặc lái Mỹ.","Dựa trên tài liệu, qua hai lần chống chiến tranh phá hoại của đế quốc Mỹ, quân dân miền Bắc đã bắn rơi 4.181 máy bay và bắn cháy 271 tàu chiến.",False,,
test_24,page_aware,Đại hội đại biểu toàn quốc lần thứ VI của Đảng (năm 1986) đề ra đường lối Đổi mới với những nội dung cụ thể nào?,KHÔNG CÓ THÔNG TIN TRONG TÀI LIỆU,Không tìm thấy thông tin trong tài liệu.,True,,
test_25,page_aware,Số lượng giặc lái Mỹ cụ thể bị quân dân miền Bắc bắt sống trong hai lần chống chiến tranh phá hoại là bao nhiêu người?,KHÔNG CÓ THÔNG TIN TRONG TÀI LIỆU,"Dựa trên tài liệu, trong 12 ngày đêm (từ 18 đến 30-12-1972) đánh trả cuộc tập kích chiến lược bằng máy bay B.52 của Mỹ vào Hà Nội và Hải Phòng (thuộc cuộc chống chiến tranh phá hoại lần thứ hai), quân và dân miền Bắc đã bắt sống **43 giặc lái**. 

Tuy nhiên, tài liệu không nêu rõ tổng số lượng giặc lái bị bắt sống trong toàn bộ thời gian của cả hai lần chống chiến tranh phá hoại (tài liệu chỉ đề cập cụ thể con số 43 giặc lái trong đợt 12 ngày đêm cuối năm 1972).",False,,
test_26,page_aware,"Theo Điều 44 của Hiến pháp, công dân có nghĩa vụ gì với Tổ quốc và tội nào được xác định là tội nặng nhất?",Công dân có nghĩa vụ trung thành với Tổ quốc. Phản bội Tổ quốc là tội nặng nhất.,"Theo Điều 44, công dân có nghĩa vụ trung thành với Tổ quốc, và phản bội Tổ quốc là tội nặng nhất.",False,,
test_27,page_aware,"Tài sản hợp pháp của cá nhân, tổ chức đầu tư, sản xuất, kinh doanh được pháp luật bảo hộ ra sao theo khoản 3 Điều 51 của Hiến pháp?","Tài sản hợp pháp của cá nhân, tổ chức đầu tư, sản xuất, kinh doanh được pháp luật bảo hộ và không bị quốc hữu hóa.","Dựa trên tài liệu, tài sản hợp pháp của cá nhân, tổ chức đầu tư, sản xuất, kinh doanh được pháp luật bảo hộ và không bị quốc hữu hóa.",False,,
test_28,page_aware,"Sau khi được Quốc hội bầu, những chức danh lãnh đạo cấp cao nào phải tuyên thệ trung thành với Tổ quốc, Nhân dân và Hiến pháp?","Sau khi được bầu, Chủ tịch nước, Chủ tịch Quốc hội, Thủ tướng Chính phủ, Chánh án Tòa án nhân dân tối cao phải tuyên thệ trung thành với Tổ quốc, Nhân dân và Hiến pháp;","Dựa trên các đoạn trích của tài liệu, sau khi được bầu, những chức danh lãnh đạo cấp cao phải tuyên thệ trung thành với Tổ quốc, Nhân dân và Hiến pháp bao gồm:
- Chủ tịch nước
- Chủ tịch Quốc hội
- Thủ tướng Chính phủ
- Chánh án Tòa án nhân dân tối cao",False,,
test_29,page_aware,"Theo Hiến pháp, việc bắt, giam, giữ, khởi tố đại biểu Quốc hội phải tuân thủ điều kiện gì?","Không được bắt, giam, giữ, khởi tố đại biểu Quốc hội nếu không có sự đồng ý của Quốc hội hoặc trong thời gian Quốc hội không họp, không có sự đồng ý của Ủy ban thường vụ Quốc hội; trong trường hợp đại biểu Quốc hội phạm tội quả tang mà bị tạm giữ thì cơ quan tạm giữ phải lập tức báo cáo để Quốc hội hoặc Ủy ban thường vụ Quốc hội xem xét, quyết định.","Dựa trên tài liệu, việc bắt, giam, giữ, khởi tố đại biểu Quốc hội phải có sự đồng ý của Quốc hội hoặc trong thời gian Quốc hội không họp, phải có sự đồng ý của Ủy ban thường vụ Quốc hội. Riêng trong trường hợp đại biểu Quốc hội phạm tội quả tang mà bị tạm giữ thì cơ quan tạm giữ phải lập tức báo cáo để Quốc hội hoặc Ủy ban thường vụ Quốc hội xem xét, quyết định.",False,,
test_30,page_aware,"Thủ tướng Chính phủ có thẩm quyền gì đối với các văn bản của cơ quan cấp dưới trái với Hiến pháp, luật và văn bản của cấp trên?","Đình chỉ việc thi hành hoặc bãi bỏ văn bản của Bộ trưởng, Thủ trưởng cơ quan ngang bộ, Ủy ban nhân dân, Chủ tịch Ủy ban nhân dân tỉnh, thành phố trực thuộc trung ương trái với Hiến pháp, luật và văn bản của cơ quan nhà nước cấp trên; đình chỉ việc thi hành nghị quyết của Hội đồng nhân dân tỉnh, thành phố trực thuộc trung ương trái với Hiến pháp, luật và văn bản của cơ quan nhà nước cấp trên, đồng thời đề nghị Ủy ban thường vụ Quốc hội bãi bỏ;","Dựa trên tài liệu, Thủ tướng Chính phủ có thẩm quyền đối với các văn bản trái với Hiến pháp, luật và văn bản của cơ quan nhà nước cấp trên như sau:

- Đình chỉ việc thi hành hoặc bãi bỏ văn bản của Bộ trưởng, Thủ trưởng cơ quan ngang bộ, Ủy ban nhân dân, Chủ tịch Ủy ban nhân dân tỉnh, thành phố trực thuộc trung ương trái với Hiến pháp, luật và văn bản của cơ quan nhà nước cấp trên.
- Đình chỉ việc thi hành nghị quyết của Hội đồng nhân dân tỉnh, thành phố trực thuộc trung ương trái với Hiến pháp, luật và văn bản của cơ quan nhà nước cấp trên, đồng thời đề nghị Ủy ban thường vụ Quốc hội bãi bỏ.",False,,
test_31,page_aware,Hiến pháp xác định nhiệm vụ trọng tâm của Tòa án nhân dân là gì?,"Tòa án nhân dân có nhiệm vụ bảo vệ công lý, bảo vệ quyền con người, quyền công dân, bảo vệ chế độ xã hội chủ nghĩa, bảo vệ lợi ích của Nhà nước, quyền và lợi ích hợp pháp của tổ chức, cá nhân.","Dựa trên tài liệu, Tòa án nhân dân có nhiệm vụ:
- Bảo vệ công lý
- Bảo vệ quyền con người, quyền công dân
- Bảo vệ chế độ xã hội chủ nghĩa
- Bảo vệ lợi ích của Nhà nước, quyền và lợi ích hợp pháp của tổ chức, cá nhân",False,,
test_32,page_aware,Khảo sát 'Nơi làm việc tốt nhất Việt Nam' năm 2014 do những đơn vị nào phối hợp triển khai và phương thức thực hiện khảo sát ra sao?,Đây là kết quả từ khảo sát 'Nơi làm việc tốt nhất Việt Nam' do mạng cộng đồng nghề nghiệp cấp quản lý Anphabe và Công ty Nghiên cứu thị trường Nielsen phối hợp thực hiện hàng năm. Khảo sát năm nay được triển khai trực tuyến từ tháng 10/2014 - 1/2015 với 15.578 đáp viên thuộc 24 ngành nghề trên toàn quốc hoàn thành.,"Dựa trên đoạn trích, khảo sát ""Nơi làm việc tốt nhất Việt Nam"" do mạng cộng đồng nghề nghiệp cấp nhân sự quản lý Anphabe và Công ty Nghiên cứu thị trường Nielsen phối hợp thực hiện hằng năm. Khảo sát năm 2014 được triển khai trực tuyến từ tháng 10/2014 đến 1/2015 với 15.578 đáp viên thuộc 24 ngành nghề trên toàn quốc hoàn thành; điểm mới là các doanh nghiệp được đánh giá bởi cả ý kiến của nhân viên nội bộ lẫn các nhân lực hoạt động bên ngoài hoạt động cùng ngành.",False,,
test_33,page_aware,"Năm 2014, các bên liên quan có thể phản ánh thông tin nhạy cảm hoặc cần bảo mật tới bộ phận tuân thủ của Vinamilk qua địa chỉ email nào?","Ngoài ra, đối với các trường hợp có tính chất nhạy cảm hoặc người lao động muốn bảo mật thông tin thì có thể liên hệ qua kênh thông tin của bộ phận tuân thủ bằng email (compliance@vinamilk.com.vn) hoặc điện thoại.","Dựa trên tài liệu, trong năm 2014, các bên liên quan (như người lao động hoặc các trường hợp muốn bảo mật thông tin) có thể phản ánh thông tin nhạy cảm hoặc cần bảo mật tới bộ phận tuân thủ của Vinamilk qua địa chỉ email: **compliance@vinamilk.com.vn**.",False,,
test_34,page_aware,Trách nhiệm của Vinamilk đối với người tiêu dùng được thể hiện cụ thể qua 3 vấn đề trọng tâm nào?,"Trách nhiệm của Vinamilk đối với người tiêu dùng thể hiện qua 3 vấn đề: sản phẩm an toàn cho sức khỏe; sản phẩm mang lại giá trị dinh dưỡng, giải quyết các vấn đề và nâng cao sức khỏe; thông tin đầy đủ, trung thực.","Dựa trên đoạn trích, có thể suy ra Báo cáo Phát triển bền vững năm 2014 của Vinamilk đề cập đến các nội dung trên ba khía cạnh chính (hoặc trọng tâm): Môi trường & Năng lượng - Kinh tế - Xã hội, nhưng tài liệu không nêu rõ cụ thể 3 vấn đề trọng tâm riêng biệt nào thể hiện trách nhiệm đối với người tiêu dùng.",False,,
test_35,page_aware,"Chương trình 'Cùng Vinamilk tích lũy điểm, vui xuân đón Tết' đã hỗ trợ tổng kinh phí bao nhiêu tiền cho các hộ nông dân?","Vinamilk đã hỗ trợ tổng cộng hơn 45,7 tỷ đồng cho 6.105 hộ trên tổng số 6.618 hộ dân đang bán sữa cho Vinamilk. Trung bình, mỗi hộ dân được nhận khoảng 7,5 triệu đồng.","Dựa trên tài liệu, chương trình “Cùng Vinamilk tích lũy điểm, vui xuân đón Tết” đã hỗ trợ tổng cộng hơn 45,7 tỷ đồng cho các hộ nông dân.",False,,
test_36,page_aware,Hội nghị Ban Chấp hành Trung ương Đảng họp từ ngày 14 đến ngày 31/10/1930 tại Hương Cảng đã quyết định đổi tên Đảng là gì và bầu ai làm Tổng Bí thư?,"Từ ngày 14 đến ngày 31/10/1930, Hội nghị Ban Chấp hành Trung ương lần thứ nhất họp tại Hương Cảng (Trung Quốc), hội nghị đã đổi tên Đảng Cộng sản Việt nam thành Đảng Cộng sản Đông Dương. Hội nghị đã bầu đồng chí Trần Phú làm Tổng Bí thư và đã thông qua Luận cương chính trị tháng 10/1930, với những nội dung:","Dựa trên đoạn trích, Hội nghị Ban Chấp hành Trung ương Đảng họp từ ngày 14 đến ngày 31/10/1930 tại Hương Cảng đã quyết định đổi tên Đảng Cộng sản Việt Nam thành Đảng Cộng sản Đông Dương và bầu đồng chí Trần Phú làm Tổng Bí thư.",False,,
test_37,page_aware,"Tháng 6 năm 1925, Nguyễn Ái Quốc đã thành lập tổ chức tiền thân nào của Đảng tại Quảng Châu và cơ quan ngôn luận của tổ chức này là tờ báo gì?","Về tổ chức, Nguyễn Ái Quốc thành lập Hội Việt Nam Cách mạng Thanh niên (6-1925) tại Quảng Châu (đây cũng là tổ chức tiền thân của Đảng Cộng sản Việt Nam sau này). Tổ chức gồm 5 cấp: trung ương bộ, kỳ bộ, tỉnh bộ, huyện bộ và chi bộ. Tổng bộ là cơ quan lãnh đạo cao nhất giữa hai kỳ đại hội. Hội ra tờ báo Thanh niên (số đầu tiên 21-6-1925) là cơ quan ngôn luận của Hội Việt Nam Cách mạng Thanh niên.","Dựa trên tài liệu, tháng 6 năm 1925, Nguyễn Ái Quốc đã thành lập Hội Việt Nam Cách mạng Thanh niên tại Quảng Châu (đây là tổ chức tiền thân của Đảng Cộng sản Việt Nam sau này). Cơ quan ngôn luận của tổ chức này là tờ báo Thanh niên (số đầu tiên ra ngày 21-6-1925).",False,,
test_38,page_aware,Bản dự thảo Đường lối cách mạng miền Nam tháng 8-1956 do ai soạn thảo và nêu rõ quan điểm gì về con đường cứu nước?,"Từ thực tiễn cuộc đấu tranh cách mạng của nhân dân miền Nam, tháng 8-1956, Lê Duẩn đã dự thảo Đường lối cách mạng miền Nam, nêu rõ chế độ thống trị của Mỹ - Diệm ở miền Nam là một chế độ độc tài, phát xít, hiếu chiến. Để chống đế quốc Mỹ và tay sai, nhân dân miền Nam chỉ có con đường cứu nước và tự cứu mình là con đường cách mạng. Ngoài con đường cách mạng không có một con đường khác.","Dựa trên tài liệu, bản dự thảo Đường lối cách mạng miền Nam tháng 8-1956 do Lê Duẩn soạn thảo (dư thảo). 

Quan điểm về con đường cứu nước được nêu rõ trong bản dự thảo là: để chống đế quốc Mỹ và tay sai, nhân dân miền Nam chỉ có con đường cứu nước và tự cứu mình là con đường cách mạng, ngoài con đường cách mạng không có một con đường khác.",False,,
test_39,page_aware,Chiến dịch Hồ Chí Minh lịch sử giải phóng Sài Gòn - Gia Định bắt đầu từ ngày nào và kết thúc thắng lợi vào thời điểm nào?,"Sau khi tạo thế và lực, chuẩn bị khẩn trương kế hoạch tác chiến chiến dịch, ngày 26-4-1975, Chiến dịch Hồ Chí Minh giải phóng Sài Gòn-Gia Định bắt đầu. Sau 4 ngày đêm tiến công dũng mãnh, vào lúc 11 giờ 30 phút ngày 30-4-1975, lá cờ chiến thắng đã được cắm trên dinh Độc Lập.","Dựa trên tài liệu, Chiến dịch Hồ Chí Minh giải phóng Sài Gòn - Gia Định bắt đầu từ ngày **26-4-1975**, và kết thúc thắng lợi vào lúc **11 giờ 30 phút ngày 30-4-1975** (khi lá cờ chiến thắng/cách mạng được cắm trên dinh Độc Lập và Sài Gòn được giải phóng).",False,,
test_40,page_aware,"Theo Hiến pháp, Ủy ban thường vụ Quốc hội có quyền hạn gì khi Quốc hội không thể họp để tuyên bố tình trạng chiến tranh, và Chính phủ có trách nhiệm gì đối với Hội đồng dân tộc khi ban hành chính sách?","Ủy ban thường vụ Quốc hội có nhiệm vụ, quyền hạn: 'Quyết định việc tuyên bố tình trạng chiến tranh trong trường hợp Quốc hội không thể họp được và báo cáo Quốc hội quyết định tại kỳ họp gần nhất;'. Khi ban hành quy định thực hiện chính sách dân tộc: 'Khi ban hành quy định thực hiện chính sách dân tộc, Chính phủ phải lấy ý kiến của Hội đồng dân tộc.'.","Dựa trên đoạn trích:
- Khi Quốc hội không thể họp, Ủy ban thường vụ Quốc hội có quyền quyết định việc tuyên bố tình trạng chiến tranh (theo Đoạn 2 và 6).
- Khi ban hành quy định thực hiện chính sách dân tộc, Chính phủ phải lấy ý kiến của Hội đồng dân tộc (theo Đoạn 5 và 7).",False,,
test_41,page_aware,Chương trình thay thế nguồn năng lượng địa khai FO bằng CNG và Biomass trong năm 2014 đạt kết quả tổng thể như thế nào và chi phí thực hiện thay thế đèn Led tiết kiệm năng lượng tại các nhà máy là bao nhiêu?,"Chương trình thay thế nguồn năng lượng địa khai (FO) bằng nguồn năng lượng sạch (CNG và Biomass) được triển khai rộng rãi trong năm 2014 với kết quả 13/13 nhà máy đã chuyển đổi hoàn toàn sang sử dụng nguồn năng lượng mới. Chương trình thay thế đèn Led chiếu sáng nhằm tiết kiệm năng lượng trong năm 2014 đã triển khai ở 8 nhà máy còn lại với tổng chi phí 13,1 tỷ đồng.","Dựa trên tài liệu:

- **Kết quả tổng thể chương trình thay thế nguồn năng lượng (dầu FO) bằng CNG và Biomass trong năm 2014:** Đã có 13/13 nhà máy chuyển đổi hoàn toàn sang sử dụng nguồn năng lượng mới. Tổng lượng tiết kiệm quy đổi qua kg dầu FO là 3.663.645 kg (trong đó CNG tiết kiệm được 534.539 kg và Hơi bão hòa/Biomass tiết kiệm được 3.129.106 kg).
- **Chi phí thực hiện thay thế đèn Led tiết kiệm năng lượng:** Tổng chi phí triển khai tại 8 nhà máy (hoàn tất tổng cộng 12 nhà máy) là 13,1 tỷ đồng.",False,,
test_42,page_aware,Hội nghị lần thứ 11 và 12 của Ban Chấp hành Trung ương Đảng năm 1965 đã hạ quyết tâm chiến lược gì và mục tiêu chiến lược chống Mỹ cứu nước được xác định ra sao?,"Hạ quyết tâm chiến lược: 'Động viên lực lượng của cả nước, kiên quyết đánh bại cuộc chiến tranh xâm lược của đế quốc Mỹ trong bất cứ tình huống nào, để bảo vệ miền Bắc, giải phóng miền Nam, hoàn thành cách mạng dân tộc dân chủ nhân dân trong cả nước, tiến tới thực hiện hòa bình thống nhất nước nhà'. Mục tiêu chiến lược: 'Kiên quyết đánh bại cuộc chiến tranh xâm lược của đế quốc Mỹ trong bất kỳ tình huống nào, nhằm bảo vệ miền Bắc, giải phóng miền Nam, hoàn thành cách mạng dân tộc dân chủ nhân dân trong cả nước, tiến tới thực hiện hòa bình thống nhất nước nhà'.","Dựa trên tài liệu, Hội nghị lần thứ 11 (3-1965) và Hội nghị lần thứ 12 (12-1965) của Ban Chấp hành Trung ương Đảng đã hạ quyết tâm chiến lược: 

* “Động viên lưc lượng cua cả nước, kiên quyết đánh bại cuộc chiến tranh xâm lược cua đế quốc Mỹ trong bất cứ tình huống nao, để bảo vê miền Bắc, giải phóng miền Nam, hoan thanh cách mạng dân tộc dân chu nhân dân trong cả nước, tiến tới thưc hiện hòa bình thống nhất nước nha.”

Mục tiêu chiến lược chống Mỹ cứu nước được xác định là: 
* Kiên quyết đánh bại cuộc chiến tranh xâm lược của đế quốc Mỹ trong bất kỳ tình huống nào, nhằm bảo vệ miền Bắc, giải phóng miền Nam, hoàn thành cách mạng dân tộc dân chủ nhân dân trong cả nước, tiến tới thực hiện hòa bình thống nhất nước nhà.",False,,
test_43,page_aware,Hiến pháp quy định cụ thể mức thuế suất thuế giá trị gia tăng (VAT) đối với mặt hàng sữa tươi tiệt trùng là bao nhiêu phần trăm?,KHÔNG CÓ THÔNG TIN TRONG TÀI LIỆU,Không tìm thấy thông tin liên quan trong tài liệu.,True,,
test_44,page_aware,Điều 70 của Hiến pháp quy định mức trần dư nợ công tối đa của Việt Nam không được vượt quá bao nhiêu phần trăm GDP?,KHÔNG CÓ THÔNG TIN TRONG TÀI LIỆU,Không tìm thấy thông tin liên quan trong tài liệu.,True,,
test_45,page_aware,Doanh thu xuất khẩu chi tiết sang thị trường Vương quốc Anh của Vinamilk trong năm 2014 đạt bao nhiêu triệu USD?,KHÔNG CÓ THÔNG TIN TRONG TÀI LIỆU,Không tìm thấy thông tin trong tài liệu.,True,,
test_46,page_aware,Thị phần sữa chua ăn và sữa nước của tập đoàn Dutch Lady (Cô Gái Hà Lan) tại thị trường Việt Nam năm 2014 là bao nhiêu phần trăm?,KHÔNG CÓ THÔNG TIN TRONG TÀI LIỆU,Không tìm thấy thông tin trong tài liệu.,True,,
test_47,page_aware,Vinamilk cam kết đến năm 2030 sẽ đạt mức phát thải ròng bằng 0 (Net Zero) theo lộ trình cụ thể nào?,KHÔNG CÓ THÔNG TIN TRONG TÀI LIỆU,Không tìm thấy thông tin trong tài liệu.,True,,
test_48,page_aware,Chi tiết diễn biến và các hiệp định thương mại tự do song phương được ký kết tại Đại hội đại biểu toàn quốc lần thứ VII của Đảng năm 1991 là gì?,KHÔNG CÓ THÔNG TIN TRONG TÀI LIỆU,Không tìm thấy thông tin liên quan trong tài liệu.,True,,
test_49,page_aware,Số lượng các khẩu pháo phòng không 37mm cụ thể được trang bị cho từng trung đoàn phòng không trong chiến dịch Điện Biên Phủ 1954 là bao nhiêu?,KHÔNG CÓ THÔNG TIN TRONG TÀI LIỆU,Không tìm thấy thông tin liên quan trong tài liệu.,True,,
test_50,page_aware,Số lượng xe tăng chiến đấu T-54 và T-55 cụ thể mà quân đội ta huy động trong chiến dịch Tây Nguyên tháng 3-1975 là bao nhiêu chiếc?,KHÔNG CÓ THÔNG TIN TRONG TÀI LIỆU,Không tìm thấy thông tin trong tài liệu.,True,,
test_01,fixed_size,"Theo Điều 21 của Hiến pháp, mọi người có những quyền gì liên quan đến đời sống riêng tư, bí mật cá nhân, bí mật gia đình và thư tín?","Mọi người có quyền bất khả xâm phạm về đời sống riêng tư, bí mật cá nhân và bí mật gia đình, có quyền bảo vệ danh dự, uy tín của mình; thông tin về đời sống riêng tư được pháp luật bảo đảm an toàn. Mọi người cũng có quyền bí mật thư tín, điện thoại, điện tín và các hình thức trao đổi thông tin riêng tư khác; không ai được bóc mở, kiểm soát, thu giữ trái luật.","Theo Điều 21, mọi người có các quyền sau:
1. Quyền bất khả xâm phạm về đời sống riêng tư, bí mật cá nhân và bí mật gia đình; có quyền bảo vệ danh dự, uy tín của mình (thông tin về đời sống riêng tư, bí mật cá nhân, bí mật gia đình được pháp luật bảo đảm an toàn).
2. Quyền bí mật thư tín, điện thoại, điện tín và các hình thức trao đổi thông tin riêng tư khác (không ai được bóc mở, kiểm soát, thu giữ trái luật các hình thức này).",False,,
test_02,fixed_size,"Theo Điều 33 và Điều 34 của Hiến pháp, công dân có những quyền gì về kinh doanh và an sinh xã hội?",Điều 33: Mọi người có quyền tự do kinh doanh trong những ngành nghề mà pháp luật không cấm. Điều 34: Công dân có quyền được bảo đảm an sinh xã hội.,"Dựa trên tài liệu:
- **Điều 33:** Mọi người có quyền tự do kinh doanh trong những ngành nghề mà pháp luật không cấm.
- **Điều 34:** Công dân có quyền được bảo đảm an sinh xã hội.",False,,
test_03,fixed_size,"Theo Điều 61 của Hiến pháp, Nhà nước có những ưu tiên gì đối với giáo dục ở miền núi, hải đảo, vùng đồng bào dân tộc thiểu số, người khuyết tật và người nghèo?","Nhà nước ưu tiên phát triển giáo dục ở miền núi, hải đảo, vùng đồng bào dân tộc thiểu số và vùng có điều kiện kinh tế - xã hội đặc biệt khó khăn; ưu tiên sử dụng, phát triển nhân tài; tạo điều kiện để người khuyết tật và người nghèo được học văn hoá và học nghề.","Theo Điều 61, Nhà nước có các ưu tiên và chính sách đối với các vùng và đối tượng này như sau:
- Nhà nước ưu tiên phát triển giáo dục ở miền núi, hải đảo, vùng đồng bào dân tộc thiểu số và vùng có điều kiện kinh tế - xã hội đặc biệt khó khăn.
- Nhà nước ưu tiên sử dụng, phát triển nhân tài.
- Nhà nước tạo điều kiện để người khuyết tật và người nghèo được học văn hoá và học nghề.",False,,
test_04,fixed_size,"Theo Điều 85 của Hiến pháp, luật và nghị quyết của Quốc hội cần được bao nhiêu đại biểu tán thành để thông qua trong trường hợp thông thường, và tỷ lệ này thay đổi thế nào khi làm Hiến pháp, sửa đổi Hiến pháp hoặc rút ngắn/kéo dài nhiệm kỳ Quốc hội?","Luật, nghị quyết của Quốc hội phải được quá nửa tổng số đại biểu Quốc hội biểu quyết tán thành; trường hợp làm Hiến pháp, sửa đổi Hiến pháp, quyết định rút ngắn hoặc kéo dài nhiệm kỳ của Quốc hội, bãi nhiệm đại biểu Quốc hội phải được ít nhất hai phần ba tổng số đại biểu Quốc hội biểu quyết tán thành.","Theo Điều 85:
- Trong trường hợp thông thường: Luật, nghị quyết của Quốc hội phải được **quá nửa tổng số đại biểu Quốc hội** biểu quyết tán thành.
- Khi làm Hiến pháp, sửa đổi Hiến pháp, quyết định rút ngắn hoặc kéo dài nhiệm kỳ của Quốc hội, bãi nhiệm đại biểu Quốc hội: Phải được **ít nhất hai phần ba tổng số đại biểu Quốc hội** biểu quyết tán thành.",False,,
test_05,fixed_size,"Theo Điều 117 của Hiến pháp, Hội đồng bầu cử quốc gia có nhiệm vụ gì và cơ cấu thành phần gồm những ai?","Hội đồng bầu cử quốc gia là cơ quan do Quốc hội thành lập, có nhiệm vụ tổ chức bầu cử đại biểu Quốc hội; chỉ đạo và hướng dẫn công tác bầu cử đại biểu Hội đồng nhân dân các cấp. Hội đồng bầu cử quốc gia gồm Chủ tịch, các Phó Chủ tịch và các Ủy viên.","Dựa trên tài liệu, tại Điều 117:
- **Nhiệm vụ của Hội đồng bầu cử quốc gia:** Tổ chức bầu cử đại biểu Quốc hội; chỉ đạo và hướng dẫn công tác bầu cử đại biểu Hội đồng nhân dân các cấp.
- **Cơ cấu thành phần:** Gồm Chủ tịch, các Phó Chủ tịch và các Ủy viên.",False,,
test_06,fixed_size,"Hiến pháp quy định độ tuổi nghỉ hưu cụ thể của cán bộ, công chức là bao nhiêu?",KHÔNG CÓ THÔNG TIN TRONG TÀI LIỆU,Không tìm thấy thông tin liên quan trong tài liệu.,True,,
test_07,fixed_size,Hiến pháp quy định mức học phí cụ thể (bằng VNĐ) mà Nhà nước hỗ trợ cho học sinh trung học là bao nhiêu?,KHÔNG CÓ THÔNG TIN TRONG TÀI LIỆU,Không tìm thấy thông tin liên quan trong tài liệu.,True,,
test_08,fixed_size,Điều 88 quy định thời hạn cụ thể bao nhiêu ngày để Chủ tịch nước phải ký quyết định bổ nhiệm Phó Thủ tướng Chính phủ sau khi Quốc hội thông qua nghị quyết?,KHÔNG CÓ THÔNG TIN TRONG TÀI LIỆU,Không tìm thấy thông tin trong tài liệu.,True,,
test_09,fixed_size,"Tính đến cuối năm 2014, hệ thống phân phối của Vinamilk tại thị trường Việt Nam có bao nhiêu nhà phân phối và bao nhiêu điểm bán lẻ?","Tính đến cuối năm 2014, đối tác phân phối của Vinamilk là 268 nhà phân phối (năm 2013: 266 nhà phân phối) và hơn 215.000 điểm bán lẻ (năm 2013: hơn 224.000 điểm bán lẻ).","Dựa trên tài liệu, tính đến cuối năm 2014, Vinamilk có **268 nhà phân phối** và hơn **215.000 điểm bán lẻ**.",False,,
test_10,fixed_size,"Tính đến năm 2014, các đơn vị trực thuộc của Vinamilk gồm bao nhiêu chi nhánh, nhà máy, kho vận và phòng khám?","Các đơn vị trực thuộc của Vinamilk gồm 3 chi nhánh, 12 nhà máy đang hoạt động, 2 kho vận (tại Hà Nội và TP. Hồ Chí Minh) và 1 phòng khám đa khoa tại TP. Hồ Chí Minh.","Dựa trên đoạn trích, tài liệu nêu tổng số lượng là **13 nhà máy** (như đề cập ở Đoạn 7) và **01 Phòng khám đa khoa tại Tp. Hồ Chí Minh** (như đề cập ở Đoạn 5). Tuy nhiên, tài liệu không nêu rõ cụ thể có bao nhiêu chi nhánh và kho vận.",False,,
test_11,fixed_size,"Đến cuối năm 2014, Vinamilk có bao nhiêu công ty con và công ty liên kết?","Đến cuối năm 2014, Vinamilk có 6 công ty con và 2 công ty liên kết.","Dựa trên đoạn 1 của tài liệu, đến cuối năm 2014, Vinamilk có 6 công ty con và 2 công ty liên kết.",False,,
test_12,fixed_size,"Tại Việt Nam, hệ thống sản xuất của Vinamilk năm 2014 đang duy trì với bao nhiêu nhà máy và bao nhiêu trang trại?","Tại Việt Nam, Vinamilk đang duy trì hệ thống sản xuất với 13 nhà máy và 5 trang trại.","Dựa trên tài liệu, năm 2014 Vinamilk có tổng cộng 13 nhà máy và 5 trang trại (theo Đoạn 1) hoặc có 7 trang trại bò sữa tính đến cuối năm 2014 (theo Đoạn 5). Tuy nhiên, tài liệu cũng nêu tại Đoạn 1: *""số lượng nhà máy và trang trại sẽ được tổng hợp chung là 13 nhà máy 6 Công ty Bò Sữa Thống Nhất Thanh Hóa: và 5 trang trại""*, trong khi đoạn 5 nêu có *""7 trang trại bò sữa""* (trong đó có trang trại mới đi vào hoạt động).",False,,
test_13,fixed_size,"Theo báo cáo, tổng sản lượng sản xuất năm 2014 của Vinamilk là bao nhiêu tấn, và cường độ sử dụng điện bình quân trên mỗi tấn sản phẩm năm 2014 là bao nhiêu?","Tổng sản lượng năm 2014 là 843.557 tấn; cường độ sử dụng điện bình quân là 140,44 kwh/tấn sản phẩm.","Dựa trên tài liệu, tổng sản lượng sản xuất năm 2014 của Vinamilk là 843.557 tấn (theo bảng năng lượng tại Đoạn 11). Cường độ sử dụng điện bình quân trên mỗi tấn sản phẩm năm 2014 là 140,44 kwh/tấn sản phẩm (theo Đoạn 2 và Đoạn 11).",False,,
test_14,fixed_size,"Số lao động bình quân của Vinamilk và các công ty con năm 2014 là bao nhiêu người, và tỷ lệ nhân viên được ký hợp đồng lao động là bao nhiêu phần trăm?","Số lao động bình quân năm 2014 là 5.738 người (tổng số lao động của Vinamilk năm 2014 là trên 5.500 người); tỷ lệ nhân viên được ký hợp đồng lao động đạt 100% trong cả 3 năm 2012, 2013, 2014.","Dựa trên tài liệu:
- Số lao động bình quân của Vinamilk và các công ty con năm 2014 là 5.738 người.
- Tỷ lệ nhân viên được ký hợp đồng lao động năm 2014 là 100%.",False,,
test_15,fixed_size,"Doanh thu thuần của Vinamilk tính riêng theo từng quý (quý 1, 2, 3, 4) trong năm 2014 là bao nhiêu tỷ đồng mỗi quý?",KHÔNG CÓ THÔNG TIN TRONG TÀI LIỆU,Không tìm thấy thông tin trong tài liệu.,True,,
test_16,fixed_size,Giá đóng cửa của cổ phiếu VNM (Vinamilk) trên sàn HOSE vào ngày 31/12/2014 là bao nhiêu đồng/cổ phiếu?,KHÔNG CÓ THÔNG TIN TRONG TÀI LIỆU,Không tìm thấy thông tin trong tài liệu.,True,,
test_17,fixed_size,Vinamilk có kế hoạch xây dựng nhà máy chế biến sữa mới tại thị trường Mỹ vào năm nào?,KHÔNG CÓ THÔNG TIN TRONG TÀI LIỆU,Không tìm thấy thông tin trong tài liệu.,True,,
test_18,fixed_size,"Đội Việt Nam Tuyên truyền Giải phóng quân được thành lập vào ngày nào, do ai chỉ huy, và có bao nhiêu người khi mới thành lập?","Đội Việt Nam Tuyên truyền Giải phóng quân được thành lập ngày 22/12/1944 tại Cao Bằng, do đồng chí Võ Nguyên Giáp chỉ huy; lúc thành lập đội chỉ có 34 người.",Không tìm thấy thông tin liên quan trong tài liệu.,True,,
test_19,fixed_size,Thắng lợi của Cách mạng Tháng Tám năm 1945 đã lật đổ ách thống trị của thực dân Pháp kéo dài bao nhiêu năm và ách thống trị của phát xít Nhật kéo dài bao nhiêu năm?,Thắng lợi của Cách mạng Tháng Tám đã lật đổ ách thống trị trong 87 năm của thực dân Pháp và lật đổ ách thống trị của phát xít Nhật tồn tại trong 5 năm.,"Dựa trên tài liệu, thắng lợi của Cách mạng Tháng Tám đã lật đổ ách thống trị của thực dân Pháp trong 87 năm và ách thống trị của phát xít Nhật tồn tại trong 5 năm.",False,,
test_20,fixed_size,Hội nghị Trung ương 6 của Đảng (tháng 11/1939) đã chủ trương thành lập mặt trận nào và đặt vấn đề gì lên hàng đầu?,"Hội nghị chủ trương thành lập Mặt trận dân tộc thống nhất phản đế Đông Dương, và đặt vấn đề dân tộc giải phóng, lấy quyền lợi dân tộc làm tối cao, lên hàng đầu thay vì đặt nặng vấn đề cách mạng ruộng đất.","Dựa trên tài liệu, tại Hội nghị Trung ương 6 (tháng 11/1939), Đảng đã chủ trương:
- Thành lập Mặt trận dân tộc thống nhất phản đế Đông Dương (Đoạn 2).
- Về vấn đề đặt lên hàng đầu: Hội nghị nhấn mạnh “đứng trên lập trường giải phóng dân tộc, lấy quyền lợi dân tộc làm tối cao” (Đoạn 3). Tuy nhiên, tài liệu cũng nêu rõ Trung ương Đảng lúc này ""vẫn còn trăn trở, chưa thật dứt khoát với chủ trương đặt nhiệm vụ giải phóng dân tộc lên hàng đầu được đề ra tại Hội nghị tháng 11-1939"" (Đoạn 1).",False,,
test_21,fixed_size,"Hội nghị Giơnevơ về Đông Dương đã thông qua Bản Tuyên bố cuối cùng vào ngày nào, và văn kiện này có ý nghĩa pháp lý gì đối với Việt Nam?","Ngày 21-7-1954, Hội nghị đã thông qua Bản Tuyên bố cuối cùng về vấn đề lập lại hòa bình ở Đông Dương. Đây là văn bản pháp lý quốc tế đầu tiên công nhận các quyền dân tộc cơ bản của nhân dân Việt Nam, Lào và Campuchia là độc lập, chủ quyền, thống nhất và toàn vẹn lãnh thổ, đánh dấu kết thúc thắng lợi cuộc kháng chiến chống thực dân Pháp xâm lược.","Dựa trên tài liệu:

- Ngày thông qua Bản Tuyên bố cuối cùng về vấn đề lập lại hòa bình ở Đông Dương tại Hội nghị Giơnevơ là **ngày 21-7-1954**.
- Ý nghĩa pháp lý: Đây là **văn bản pháp lý quốc tế đầu tiên công nhận các quyền dân tộc cơ bản của nhân dân Việt Nam** (cùng với Lào và Campuchia); đồng thời đánh dấu kết thúc thắng lợi cuộc kháng chiến chống thực dân Pháp xâm lược, mở ra một trang sử mới cho dân tộc Việt Nam và mở đường cho cuộc đấu tranh giành độc lập, thống nhất hoàn toàn cho nhân dân ba nước Đông Dương sau này.",False,,
test_22,fixed_size,"Đến tháng 7-1956, cải cách ruộng đất ở miền Bắc căn bản hoàn thành với kết quả cụ thể như thế nào về số người, số hộ nông dân và diện tích ruộng đất được chia?",Hơn 9 triệu người trong hơn 2 triệu hộ nông dân lao động được chia hơn 810.000 ha ruộng đất.,"Dựa trên tài liệu (Đoạn 1), đến tháng 7-1956, cải cách ruộng đất đã căn bản hoàn thành ở đồng bằng, trung du và miền núi với kết quả cụ thể:
- Hơn 9 triệu người trong hơn 2 triệu hộ nông dân lao động được chia hơn 810.000 ha ruộng đất.",False,,
test_23,fixed_size,"Qua hai lần chống chiến tranh phá hoại của đế quốc Mỹ, quân dân miền Bắc đã bắn rơi bao nhiêu máy bay và bắn cháy bao nhiêu tàu chiến?","Quân dân miền Bắc đã bắn rơi 4.181 máy bay (trong đó có nhiều B.52), bắn cháy 271 tàu chiến, bắt hàng trăm giặc lái Mỹ.","Dựa trên đoạn trích, qua hai lần chống chiến tranh phá hoại, quân dân miền Bắc đã bắn rơi 4.181 máy bay và bắn cháy 271 tàu chiến.",False,,
test_24,fixed_size,Đại hội đại biểu toàn quốc lần thứ VI của Đảng (năm 1986) đề ra đường lối Đổi mới với những nội dung cụ thể nào?,KHÔNG CÓ THÔNG TIN TRONG TÀI LIỆU,Không tìm thấy thông tin trong tài liệu.,True,,
test_25,fixed_size,Số lượng giặc lái Mỹ cụ thể bị quân dân miền Bắc bắt sống trong hai lần chống chiến tranh phá hoại là bao nhiêu người?,KHÔNG CÓ THÔNG TIN TRONG TÀI LIỆU,"Dựa trên tài liệu, trong 12 ngày đêm cuối năm 1972 (thuộc lần chống chiến tranh phá hoại), quân dân miền Bắc đã bắt sống 43 giặc lái (Đoạn 1). Tuy nhiên, tài liệu không nêu cụ thể con số tổng cộng chính xác của toàn bộ hai lần chống chiến tranh phá hoại mà chỉ nêu chung chung là ""bắt hàng trăm giặc lái Mỹ"" (Đoạn 2).",False,,
test_26,fixed_size,"Theo Điều 44 của Hiến pháp, công dân có nghĩa vụ gì với Tổ quốc và tội nào được xác định là tội nặng nhất?",Công dân có nghĩa vụ trung thành với Tổ quốc. Phản bội Tổ quốc là tội nặng nhất.,"Theo Điều 44, công dân có nghĩa vụ trung thành với Tổ quốc và phản bội Tổ quốc là tội nặng nhất.",False,,
test_27,fixed_size,"Tài sản hợp pháp của cá nhân, tổ chức đầu tư, sản xuất, kinh doanh được pháp luật bảo hộ ra sao theo khoản 3 Điều 51 của Hiến pháp?","Tài sản hợp pháp của cá nhân, tổ chức đầu tư, sản xuất, kinh doanh được pháp luật bảo hộ và không bị quốc hữu hóa.",Không tìm thấy thông tin trong tài liệu.,True,,
test_28,fixed_size,"Sau khi được Quốc hội bầu, những chức danh lãnh đạo cấp cao nào phải tuyên thệ trung thành với Tổ quốc, Nhân dân và Hiến pháp?","Sau khi được bầu, Chủ tịch nước, Chủ tịch Quốc hội, Thủ tướng Chính phủ, Chánh án Tòa án nhân dân tối cao phải tuyên thệ trung thành với Tổ quốc, Nhân dân và Hiến pháp;","Dựa trên đoạn trích, các chức danh lãnh đạo cấp cao phải tuyên thệ trung thành với Tổ quốc, Nhân dân và Hiến pháp sau khi được bầu bao gồm:
- Chủ tịch nước
- Chủ tịch Quốc hội
- Thủ tướng Chính phủ
- Chánh án Tòa án nhân dân tối cao",False,,
test_29,fixed_size,"Theo Hiến pháp, việc bắt, giam, giữ, khởi tố đại biểu Quốc hội phải tuân thủ điều kiện gì?","Không được bắt, giam, giữ, khởi tố đại biểu Quốc hội nếu không có sự đồng ý của Quốc hội hoặc trong thời gian Quốc hội không họp, không có sự đồng ý của Ủy ban thường vụ Quốc hội; trong trường hợp đại biểu Quốc hội phạm tội quả tang mà bị tạm giữ thì cơ quan tạm giữ phải lập tức báo cáo để Quốc hội hoặc Ủy ban thường vụ Quốc hội xem xét, quyết định.","Theo tài liệu, việc bắt, giam, giữ, khởi tố đại biểu Quốc hội phải có sự đồng ý của Quốc hội hoặc trong thời gian Quốc hội không họp, phải có sự đồng ý của Ủy ban thường vụ Quốc hội. Trong trường hợp đại biểu Quốc hội phạm tội quả tang mà bị tạm giữ thì cơ quan tạm giữ phải lập tức báo cáo để Quốc hội hoặc Ủy ban thường vụ Quốc hội xem xét, quyết định.",False,,
test_30,fixed_size,"Thủ tướng Chính phủ có thẩm quyền gì đối với các văn bản của cơ quan cấp dưới trái với Hiến pháp, luật và văn bản của cấp trên?","Đình chỉ việc thi hành hoặc bãi bỏ văn bản của Bộ trưởng, Thủ trưởng cơ quan ngang bộ, Ủy ban nhân dân, Chủ tịch Ủy ban nhân dân tỉnh, thành phố trực thuộc trung ương trái với Hiến pháp, luật và văn bản của cơ quan nhà nước cấp trên; đình chỉ việc thi hành nghị quyết của Hội đồng nhân dân tỉnh, thành phố trực thuộc trung ương trái với Hiến pháp, luật và văn bản của cơ quan nhà nước cấp trên, đồng thời đề nghị Ủy ban thường vụ Quốc hội bãi bỏ;","Dựa trên tài liệu (Đoạn 1 và Đoạn 6), Thủ tướng Chính phủ có thẩm quyền đối với các văn bản của cơ quan cấp dưới trái với Hiến pháp, luật và văn bản của cơ quan nhà nước cấp trên như sau:
- Đình chỉ việc thi hành hoặc bãi bỏ văn bản của Bộ trưởng, Thủ trưởng cơ quan ngang bộ, Ủy ban nhân dân, Chủ tịch Ủy ban nhân dân tỉnh, thành phố trực thuộc trung ương trái với Hiến pháp, luật và văn bản của cơ quan nhà nước cấp trên.
- Đình chỉ việc thi hành nghị quyết của Hội đồng nhân dân tỉnh, thành phố trực thuộc trung ương trái với Hiến pháp, luật và văn bản của cơ quan nhà nước cấp trên, đồng thời đề nghị Ủy ban thường vụ Quốc hội bãi bỏ.",False,,
test_31,fixed_size,Hiến pháp xác định nhiệm vụ trọng tâm của Tòa án nhân dân là gì?,"Tòa án nhân dân có nhiệm vụ bảo vệ công lý, bảo vệ quyền con người, quyền công dân, bảo vệ chế độ xã hội chủ nghĩa, bảo vệ lợi ích của Nhà nước, quyền và lợi ích hợp pháp của tổ chức, cá nhân.","Dựa trên tài liệu, Tòa án nhân dân có nhiệm vụ bảo vệ công lý, bảo vệ quyền con người, quyền công dân, bảo vệ chế độ xã hội chủ nghĩa, bảo vệ lợi ích của Nhà nước, quyền và lợi ích hợp pháp của tổ chức, cá nhân.",False,,
test_32,fixed_size,Khảo sát 'Nơi làm việc tốt nhất Việt Nam' năm 2014 do những đơn vị nào phối hợp triển khai và phương thức thực hiện khảo sát ra sao?,Đây là kết quả từ khảo sát 'Nơi làm việc tốt nhất Việt Nam' do mạng cộng đồng nghề nghiệp cấp quản lý Anphabe và Công ty Nghiên cứu thị trường Nielsen phối hợp thực hiện hàng năm. Khảo sát năm nay được triển khai trực tuyến từ tháng 10/2014 - 1/2015 với 15.578 đáp viên thuộc 24 ngành nghề trên toàn quốc hoàn thành.,Không tìm thấy thông tin trong tài liệu.,True,,
test_33,fixed_size,"Năm 2014, các bên liên quan có thể phản ánh thông tin nhạy cảm hoặc cần bảo mật tới bộ phận tuân thủ của Vinamilk qua địa chỉ email nào?","Ngoài ra, đối với các trường hợp có tính chất nhạy cảm hoặc người lao động muốn bảo mật thông tin thì có thể liên hệ qua kênh thông tin của bộ phận tuân thủ bằng email (compliance@vinamilk.com.vn) hoặc điện thoại.","Dựa trên đoạn trích, các bên liên quan có thể phản ánh thông tin nhạy cảm hoặc cần bảo mật tới bộ phận tuân thủ của Vinamilk qua địa chỉ email: `compliance@vinamilk.com.vn`.",False,,
test_34,fixed_size,Trách nhiệm của Vinamilk đối với người tiêu dùng được thể hiện cụ thể qua 3 vấn đề trọng tâm nào?,"Trách nhiệm của Vinamilk đối với người tiêu dùng thể hiện qua 3 vấn đề: sản phẩm an toàn cho sức khỏe; sản phẩm mang lại giá trị dinh dưỡng, giải quyết các vấn đề và nâng cao sức khỏe; thông tin đầy đủ, trung thực.",Không tìm thấy thông tin trong tài liệu.,True,,
test_35,fixed_size,"Chương trình 'Cùng Vinamilk tích lũy điểm, vui xuân đón Tết' đã hỗ trợ tổng kinh phí bao nhiêu tiền cho các hộ nông dân?","Vinamilk đã hỗ trợ tổng cộng hơn 45,7 tỷ đồng cho 6.105 hộ trên tổng số 6.618 hộ dân đang bán sữa cho Vinamilk. Trung bình, mỗi hộ dân được nhận khoảng 7,5 triệu đồng.","Dựa trên đoạn trích, chương trình “Cùng Vinamilk tích lũy điểm, vui xuân đón Tết” đã hỗ trợ tổng cộng hơn 45,7 tỷ đồng cho các hộ nông dân.",False,,
test_36,fixed_size,Hội nghị Ban Chấp hành Trung ương Đảng họp từ ngày 14 đến ngày 31/10/1930 tại Hương Cảng đã quyết định đổi tên Đảng là gì và bầu ai làm Tổng Bí thư?,"Từ ngày 14 đến ngày 31/10/1930, Hội nghị Ban Chấp hành Trung ương lần thứ nhất họp tại Hương Cảng (Trung Quốc), hội nghị đã đổi tên Đảng Cộng sản Việt nam thành Đảng Cộng sản Đông Dương. Hội nghị đã bầu đồng chí Trần Phú làm Tổng Bí thư và đã thông qua Luận cương chính trị tháng 10/1930, với những nội dung:","Dựa trên tài liệu, Hội nghị Ban Chấp hành Trung ương lần thứ nhất họp từ ngày 14 đến ngày 31/10/1930 tại Hương Cảng (Trung Quốc) đã quyết định đổi tên Đảng Cộng sản Việt Nam thành **Đảng Cộng sản Đông Dương** và bầu đồng chí **Trần Phú** làm Tổng Bí thư.",False,,
test_37,fixed_size,"Tháng 6 năm 1925, Nguyễn Ái Quốc đã thành lập tổ chức tiền thân nào của Đảng tại Quảng Châu và cơ quan ngôn luận của tổ chức này là tờ báo gì?","Về tổ chức, Nguyễn Ái Quốc thành lập Hội Việt Nam Cách mạng Thanh niên (6-1925) tại Quảng Châu (đây cũng là tổ chức tiền thân của Đảng Cộng sản Việt Nam sau này). Tổ chức gồm 5 cấp: trung ương bộ, kỳ bộ, tỉnh bộ, huyện bộ và chi bộ. Tổng bộ là cơ quan lãnh đạo cao nhất giữa hai kỳ đại hội. Hội ra tờ báo Thanh niên (số đầu tiên 21-6-1925) là cơ quan ngôn luận của Hội Việt Nam Cách mạng Thanh niên.","Dựa trên đoạn trích, tháng 6 năm 1925, Nguyễn Ái Quốc đã thành lập Hội Việt Nam Cách mạng Thanh niên tại Quảng Châu (đây là tổ chức tiền thân của Đảng Cộng sản Việt Nam sau này). Cơ quan ngôn luận của Hội là tờ báo *Thanh niên* (số đầu tiên ra ngày 21-6-1925).",False,,
test_38,fixed_size,Bản dự thảo Đường lối cách mạng miền Nam tháng 8-1956 do ai soạn thảo và nêu rõ quan điểm gì về con đường cứu nước?,"Từ thực tiễn cuộc đấu tranh cách mạng của nhân dân miền Nam, tháng 8-1956, Lê Duẩn đã dự thảo Đường lối cách mạng miền Nam, nêu rõ chế độ thống trị của Mỹ - Diệm ở miền Nam là một chế độ độc tài, phát xít, hiếu chiến. Để chống đế quốc Mỹ và tay sai, nhân dân miền Nam chỉ có con đường cứu nước và tự cứu mình là con đường cách mạng. Ngoài con đường cách mạng không có một con đường khác.","Dựa trên đoạn trích, bản dự thảo Đường lối cách mạng miền Nam tháng 8-1956 do Lê Duẩn dự thảo. Về con đường cứu nước, tài liệu nêu rõ chế độ thống trị của Mỹ - Diệm ở miền Nam là một chế độ độc tài, phát xít, hiếu chiến, và ""Để chống đế quốc Mỹ và tay sai, nhân dân miền Nam chỉ có con đường cứu..."" (tài liệu dừng lại và không nêu tiếp phần chi tiết về con đường cứu nước này).",False,,
test_39,fixed_size,Chiến dịch Hồ Chí Minh lịch sử giải phóng Sài Gòn - Gia Định bắt đầu từ ngày nào và kết thúc thắng lợi vào thời điểm nào?,"Sau khi tạo thế và lực, chuẩn bị khẩn trương kế hoạch tác chiến chiến dịch, ngày 26-4-1975, Chiến dịch Hồ Chí Minh giải phóng Sài Gòn-Gia Định bắt đầu. Sau 4 ngày đêm tiến công dũng mãnh, vào lúc 11 giờ 30 phút ngày 30-4-1975, lá cờ chiến thắng đã được cắm trên dinh Độc Lập.","Dựa trên tài liệu, Chiến dịch Hồ Chí Minh giải phóng Sài Gòn - Gia Định bắt đầu từ ngày **26-4-1975** và kết thúc thắng lợi vào lúc **11 giờ 30 phút ngày 30-4-1975** (khi lá cờ chiến thắng/cách mạng được cắm trên dinh Độc Lập).",False,,
test_40,fixed_size,"Theo Hiến pháp, Ủy ban thường vụ Quốc hội có quyền hạn gì khi Quốc hội không thể họp để tuyên bố tình trạng chiến tranh, và Chính phủ có trách nhiệm gì đối với Hội đồng dân tộc khi ban hành chính sách?","Ủy ban thường vụ Quốc hội có nhiệm vụ, quyền hạn: 'Quyết định việc tuyên bố tình trạng chiến tranh trong trường hợp Quốc hội không thể họp được và báo cáo Quốc hội quyết định tại kỳ họp gần nhất;'. Khi ban hành quy định thực hiện chính sách dân tộc: 'Khi ban hành quy định thực hiện chính sách dân tộc, Chính phủ phải lấy ý kiến của Hội đồng dân tộc.'.","Dựa trên tài liệu:
- Khi Quốc hội không thể họp được, Ủy ban thường vụ Quốc hội có quyền quyết định tình trạng chiến tranh (theo đề nghị của Hội đồng quốc phòng và an ninh).
- Đối với Hội đồng dân tộc, khi Chính phủ ban hành quy định thực hiện chính sách dân tộc thì phải lấy ý kiến của Hội đồng dân tộc.",False,,
test_41,fixed_size,Chương trình thay thế nguồn năng lượng địa khai FO bằng CNG và Biomass trong năm 2014 đạt kết quả tổng thể như thế nào và chi phí thực hiện thay thế đèn Led tiết kiệm năng lượng tại các nhà máy là bao nhiêu?,"Chương trình thay thế nguồn năng lượng địa khai (FO) bằng nguồn năng lượng sạch (CNG và Biomass) được triển khai rộng rãi trong năm 2014 với kết quả 13/13 nhà máy đã chuyển đổi hoàn toàn sang sử dụng nguồn năng lượng mới. Chương trình thay thế đèn Led chiếu sáng nhằm tiết kiệm năng lượng trong năm 2014 đã triển khai ở 8 nhà máy còn lại với tổng chi phí 13,1 tỷ đồng.","Dựa trên tài liệu, kết quả tổng thể của chương trình thay thế nguồn năng lượng địa khai FO bằng CNG và Biomass trong năm 2014 là **13/13 nhà máy đã chuyển đổi hoàn toàn sang sử dụng nguồn năng lượng mới**. 

Chi phí thực hiện thay thế đèn Led tiết kiệm năng lượng tại các nhà máy là **13,1 tỷ đồng**.",False,,
test_42,fixed_size,Hội nghị lần thứ 11 và 12 của Ban Chấp hành Trung ương Đảng năm 1965 đã hạ quyết tâm chiến lược gì và mục tiêu chiến lược chống Mỹ cứu nước được xác định ra sao?,"Hạ quyết tâm chiến lược: 'Động viên lực lượng của cả nước, kiên quyết đánh bại cuộc chiến tranh xâm lược của đế quốc Mỹ trong bất cứ tình huống nào, để bảo vệ miền Bắc, giải phóng miền Nam, hoàn thành cách mạng dân tộc dân chủ nhân dân trong cả nước, tiến tới thực hiện hòa bình thống nhất nước nhà'. Mục tiêu chiến lược: 'Kiên quyết đánh bại cuộc chiến tranh xâm lược của đế quốc Mỹ trong bất kỳ tình huống nào, nhằm bảo vệ miền Bắc, giải phóng miền Nam, hoàn thành cách mạng dân tộc dân chủ nhân dân trong cả nước, tiến tới thực hiện hòa bình thống nhất nước nhà'.","Dựa trên tài liệu, quyết tâm chiến lược và mục tiêu chiến lược chống Mỹ cứu nước được xác định tại Hội nghị lần thứ 11 (3-1965) và Hội nghị lần thứ 12 (12-1965) của Ban Chấp hành Trung ương Đảng như sau:

* **Quyết tâm chiến lược:** “Động viên lưc lượng cua cả nước, kiên quyết đánh bại cuộc chiến tranh xâm lược cua đế quốc Mỹ trong bất cứ tình huống nao, để bảo vê miền Bắc, giải phóng miền Nam, hoan thanh cách mạng dân tộc dân chu nhân dân trong cả nước, tiến tới thưc hiên hòa bình thống nhất nước nha”.
* **Mục tiêu chiến lược:** Kiên quyết đánh bại cuộc chiến tranh xâm lược của đế quốc Mỹ trong bất kỳ tình huống nào, nhằm bảo vệ miền Bắc, giải phóng miền Nam, hoàn thành cách mạng dân tộc dân chủ nhân dân... (tài liệu bị đứt đoạn phần cuối câu giải thích, nhưng nêu rõ mục tiêu là bảo vệ miền Bắc, giải phóng miền Nam và hoàn thành cách mạng dân tộc dân chủ nhân dân trong cả nước, tiến tới thực hiện hòa bình thống nhất nước nhà).",False,,
test_43,fixed_size,Hiến pháp quy định cụ thể mức thuế suất thuế giá trị gia tăng (VAT) đối với mặt hàng sữa tươi tiệt trùng là bao nhiêu phần trăm?,KHÔNG CÓ THÔNG TIN TRONG TÀI LIỆU,Không tìm thấy thông tin liên quan trong tài liệu.,True,,
test_44,fixed_size,Điều 70 của Hiến pháp quy định mức trần dư nợ công tối đa của Việt Nam không được vượt quá bao nhiêu phần trăm GDP?,KHÔNG CÓ THÔNG TIN TRONG TÀI LIỆU,Không tìm thấy thông tin liên quan trong tài liệu.,True,,
test_45,fixed_size,Doanh thu xuất khẩu chi tiết sang thị trường Vương quốc Anh của Vinamilk trong năm 2014 đạt bao nhiêu triệu USD?,KHÔNG CÓ THÔNG TIN TRONG TÀI LIỆU,Không tìm thấy thông tin trong tài liệu.,True,,
test_46,fixed_size,Thị phần sữa chua ăn và sữa nước của tập đoàn Dutch Lady (Cô Gái Hà Lan) tại thị trường Việt Nam năm 2014 là bao nhiêu phần trăm?,KHÔNG CÓ THÔNG TIN TRONG TÀI LIỆU,Không tìm thấy thông tin trong tài liệu.,True,,
test_47,fixed_size,Vinamilk cam kết đến năm 2030 sẽ đạt mức phát thải ròng bằng 0 (Net Zero) theo lộ trình cụ thể nào?,KHÔNG CÓ THÔNG TIN TRONG TÀI LIỆU,Không tìm thấy thông tin trong tài liệu.,True,,
test_48,fixed_size,Chi tiết diễn biến và các hiệp định thương mại tự do song phương được ký kết tại Đại hội đại biểu toàn quốc lần thứ VII của Đảng năm 1991 là gì?,KHÔNG CÓ THÔNG TIN TRONG TÀI LIỆU,Không tìm thấy thông tin liên quan trong tài liệu.,True,,
test_49,fixed_size,Số lượng các khẩu pháo phòng không 37mm cụ thể được trang bị cho từng trung đoàn phòng không trong chiến dịch Điện Biên Phủ 1954 là bao nhiêu?,KHÔNG CÓ THÔNG TIN TRONG TÀI LIỆU,Không tìm thấy thông tin liên quan trong tài liệu.,True,,
test_50,fixed_size,Số lượng xe tăng chiến đấu T-54 và T-55 cụ thể mà quân đội ta huy động trong chiến dịch Tây Nguyên tháng 3-1975 là bao nhiêu chiếc?,KHÔNG CÓ THÔNG TIN TRONG TÀI LIỆU,Không tìm thấy thông tin trong tài liệu.,True,,
test_01,longcontext,"Theo Điều 21 của Hiến pháp, mọi người có những quyền gì liên quan đến đời sống riêng tư, bí mật cá nhân, bí mật gia đình và thư tín?","Mọi người có quyền bất khả xâm phạm về đời sống riêng tư, bí mật cá nhân và bí mật gia đình, có quyền bảo vệ danh dự, uy tín của mình; thông tin về đời sống riêng tư được pháp luật bảo đảm an toàn. Mọi người cũng có quyền bí mật thư tín, điện thoại, điện tín và các hình thức trao đổi thông tin riêng tư khác; không ai được bóc mở, kiểm soát, thu giữ trái luật.","Theo Điều 21 của Hiến pháp, mọi người có các quyền sau liên quan đến đời sống riêng tư, bí mật cá nhân, bí mật gia đình và thư tín:

- Mọi người có quyền bất khả xâm phạm về đời sống riêng tư, bí mật cá nhân và bí mật gia đình; có quyền bảo vệ danh dự, uy tín của mình [Trang 7].
- Thông tin về đời sống riêng tư, bí mật cá nhân, bí mật gia đình được pháp luật bảo đảm an toàn [Trang 7].
- Mọi người có quyền bí mật thư tín, điện thoại, điện tín và các hình thức trao đổi thông tin riêng tư khác [Trang 7].",False,,
test_02,longcontext,"Theo Điều 33 và Điều 34 của Hiến pháp, công dân có những quyền gì về kinh doanh và an sinh xã hội?",Điều 33: Mọi người có quyền tự do kinh doanh trong những ngành nghề mà pháp luật không cấm. Điều 34: Công dân có quyền được bảo đảm an sinh xã hội.,"Theo Hiến pháp, các quyền của công dân về kinh doanh và an sinh xã hội được quy định như sau:

- Mọi người có quyền tự do kinh doanh trong những ngành nghề mà pháp luật không cấm [Trang 9].
- Công dân có quyền được bảo đảm an sinh xã hội [Trang 9].",False,,
test_03,longcontext,"Theo Điều 61 của Hiến pháp, Nhà nước có những ưu tiên gì đối với giáo dục ở miền núi, hải đảo, vùng đồng bào dân tộc thiểu số, người khuyết tật và người nghèo?","Nhà nước ưu tiên phát triển giáo dục ở miền núi, hải đảo, vùng đồng bào dân tộc thiểu số và vùng có điều kiện kinh tế - xã hội đặc biệt khó khăn; ưu tiên sử dụng, phát triển nhân tài; tạo điều kiện để người khuyết tật và người nghèo được học văn hoá và học nghề.","Theo Điều 61 của Hiến pháp, Nhà nước có những ưu tiên đối với giáo dục như sau:

- Nhà nước ưu tiên phát triển giáo dục ở miền núi, hải đảo, vùng đồng bào dân tộc thiểu số và vùng có điều kiện kinh tế - xã hội đặc biệt khó khăn [Trang 13].
- Ưu tiên sử dụng, phát triển nhân tài [Trang 13].
- Tạo điều kiện để người khuyết tật và người nghèo được học văn hoá và học nghề [Trang 13].",False,,
test_04,longcontext,"Theo Điều 85 của Hiến pháp, luật và nghị quyết của Quốc hội cần được bao nhiêu đại biểu tán thành để thông qua trong trường hợp thông thường, và tỷ lệ này thay đổi thế nào khi làm Hiến pháp, sửa đổi Hiến pháp hoặc rút ngắn/kéo dài nhiệm kỳ Quốc hội?","Luật, nghị quyết của Quốc hội phải được quá nửa tổng số đại biểu Quốc hội biểu quyết tán thành; trường hợp làm Hiến pháp, sửa đổi Hiến pháp, quyết định rút ngắn hoặc kéo dài nhiệm kỳ của Quốc hội, bãi nhiệm đại biểu Quốc hội phải được ít nhất hai phần ba tổng số đại biểu Quốc hội biểu quyết tán thành.","Theo Điều 85 của Hiến pháp, trong trường hợp thông thường, luật và nghị quyết của Quốc hội phải được **quá nửa tổng số đại biểu Quốc hội** biểu quyết tán thành để được thông qua [Trang 21]. 

Tỷ lệ này thay đổi thành **ít nhất hai phần ba tổng số đại biểu Quốc hội** biểu quyết tán thành trong các trường hợp: làm Hiến pháp, sửa đổi Hiến pháp, quyết định rút ngắn hoặc kéo dài nhiệm kỳ của Quốc hội, hoặc bãi nhiệm đại biểu Quốc hội [Trang 21].",False,,
test_05,longcontext,"Theo Điều 117 của Hiến pháp, Hội đồng bầu cử quốc gia có nhiệm vụ gì và cơ cấu thành phần gồm những ai?","Hội đồng bầu cử quốc gia là cơ quan do Quốc hội thành lập, có nhiệm vụ tổ chức bầu cử đại biểu Quốc hội; chỉ đạo và hướng dẫn công tác bầu cử đại biểu Hội đồng nhân dân các cấp. Hội đồng bầu cử quốc gia gồm Chủ tịch, các Phó Chủ tịch và các Ủy viên.","Theo Điều 117 của Hiến pháp:
- Hội đồng bầu cử quốc gia có nhiệm vụ tổ chức bầu cử đại biểu Quốc hội; chỉ đạo và hướng dẫn công tác bầu cử đại biểu Hội đồng nhân dân các cấp [Trang 30].
- Cơ cấu thành phần gồm: Chủ tịch, các Phó Chủ tịch và các Ủy viên [Trang 30].",False,,
test_06,longcontext,"Hiến pháp quy định độ tuổi nghỉ hưu cụ thể của cán bộ, công chức là bao nhiêu?",KHÔNG CÓ THÔNG TIN TRONG TÀI LIỆU,Không tìm thấy thông tin trong tài liệu.,True,,
test_07,longcontext,Hiến pháp quy định mức học phí cụ thể (bằng VNĐ) mà Nhà nước hỗ trợ cho học sinh trung học là bao nhiêu?,KHÔNG CÓ THÔNG TIN TRONG TÀI LIỆU,Không tìm thấy thông tin trong tài liệu.,True,,
test_08,longcontext,Điều 88 quy định thời hạn cụ thể bao nhiêu ngày để Chủ tịch nước phải ký quyết định bổ nhiệm Phó Thủ tướng Chính phủ sau khi Quốc hội thông qua nghị quyết?,KHÔNG CÓ THÔNG TIN TRONG TÀI LIỆU,Không tìm thấy thông tin trong tài liệu.,True,,
test_09,longcontext,"Tính đến cuối năm 2014, hệ thống phân phối của Vinamilk tại thị trường Việt Nam có bao nhiêu nhà phân phối và bao nhiêu điểm bán lẻ?","Tính đến cuối năm 2014, đối tác phân phối của Vinamilk là 268 nhà phân phối (năm 2013: 266 nhà phân phối) và hơn 215.000 điểm bán lẻ (năm 2013: hơn 224.000 điểm bán lẻ).","Dựa trên tài liệu, tính đến cuối năm 2014, hệ thống phân phối của Vinamilk tại thị trường Việt Nam có **268** nhà phân phối và hơn **215.000** điểm bán lẻ [Trang 6].",False,,
test_10,longcontext,"Tính đến năm 2014, các đơn vị trực thuộc của Vinamilk gồm bao nhiêu chi nhánh, nhà máy, kho vận và phòng khám?","Các đơn vị trực thuộc của Vinamilk gồm 3 chi nhánh, 12 nhà máy đang hoạt động, 2 kho vận (tại Hà Nội và TP. Hồ Chí Minh) và 1 phòng khám đa khoa tại TP. Hồ Chí Minh.","Dựa trên tài liệu, tính đến năm 2014, các đơn vị trực thuộc của Vinamilk gồm:
- 03 chi nhánh [Trang 8]
- 12 nhà máy [Trang 8]
- 02 kho vận [Trang 8]
- 01 phòng khám đa khoa tại TP. Hồ Chí Minh [Trang 8]",False,,
test_11,longcontext,"Đến cuối năm 2014, Vinamilk có bao nhiêu công ty con và công ty liên kết?","Đến cuối năm 2014, Vinamilk có 6 công ty con và 2 công ty liên kết.","Dựa trên tài liệu, đến cuối năm 2014, Vinamilk có 6 công ty con và 2 công ty liên kết [Trang 9].",False,,
test_12,longcontext,"Tại Việt Nam, hệ thống sản xuất của Vinamilk năm 2014 đang duy trì với bao nhiêu nhà máy và bao nhiêu trang trại?","Tại Việt Nam, Vinamilk đang duy trì hệ thống sản xuất với 13 nhà máy và 5 trang trại.","Dựa trên tài liệu, tại Việt Nam, hệ thống sản xuất của Vinamilk năm 2014 đang duy trì với **13 nhà máy** và **5 trang trại** [Trang 20].",False,,
test_13,longcontext,"Theo báo cáo, tổng sản lượng sản xuất năm 2014 của Vinamilk là bao nhiêu tấn, và cường độ sử dụng điện bình quân trên mỗi tấn sản phẩm năm 2014 là bao nhiêu?","Tổng sản lượng năm 2014 là 843.557 tấn; cường độ sử dụng điện bình quân là 140,44 kwh/tấn sản phẩm.","Dựa trên tài liệu, tổng sản lượng sản xuất năm 2014 của Vinamilk là **843.557** tấn [Trang 51]. Cường độ sử dụng điện bình quân trên mỗi tấn sản phẩm năm 2014 là **140,44** kwh/tấn sản phẩm [Trang 51].",False,,
test_14,longcontext,"Số lao động bình quân của Vinamilk và các công ty con năm 2014 là bao nhiêu người, và tỷ lệ nhân viên được ký hợp đồng lao động là bao nhiêu phần trăm?","Số lao động bình quân năm 2014 là 5.738 người (tổng số lao động của Vinamilk năm 2014 là trên 5.500 người); tỷ lệ nhân viên được ký hợp đồng lao động đạt 100% trong cả 3 năm 2012, 2013, 2014.","Dựa trên tài liệu, số lao động bình quân của Vinamilk và các công ty con năm 2014 là **5.738** người, và tỷ lệ nhân viên được ký hợp đồng lao động là **100%** [Trang 71, 73].",False,,
test_15,longcontext,"Doanh thu thuần của Vinamilk tính riêng theo từng quý (quý 1, 2, 3, 4) trong năm 2014 là bao nhiêu tỷ đồng mỗi quý?",KHÔNG CÓ THÔNG TIN TRONG TÀI LIỆU,Không tìm thấy thông tin trong tài liệu.,True,,
test_16,longcontext,Giá đóng cửa của cổ phiếu VNM (Vinamilk) trên sàn HOSE vào ngày 31/12/2014 là bao nhiêu đồng/cổ phiếu?,KHÔNG CÓ THÔNG TIN TRONG TÀI LIỆU,Không tìm thấy thông tin trong tài liệu.,True,,
test_17,longcontext,Vinamilk có kế hoạch xây dựng nhà máy chế biến sữa mới tại thị trường Mỹ vào năm nào?,KHÔNG CÓ THÔNG TIN TRONG TÀI LIỆU,Không tìm thấy thông tin trong tài liệu.,True,,
test_18,longcontext,"Đội Việt Nam Tuyên truyền Giải phóng quân được thành lập vào ngày nào, do ai chỉ huy, và có bao nhiêu người khi mới thành lập?","Đội Việt Nam Tuyên truyền Giải phóng quân được thành lập ngày 22/12/1944 tại Cao Bằng, do đồng chí Võ Nguyên Giáp chỉ huy; lúc thành lập đội chỉ có 34 người.","Dựa vào tài liệu, Đội Việt Nam Tuyên truyền Giải phóng quân được thành lập vào ngày 22/12/1944 tại Cao Bằng, do đồng chí Võ Nguyên Giáp chỉ huy, và có 34 người khi mới thành lập [Trang 24].",False,,
test_19,longcontext,Thắng lợi của Cách mạng Tháng Tám năm 1945 đã lật đổ ách thống trị của thực dân Pháp kéo dài bao nhiêu năm và ách thống trị của phát xít Nhật kéo dài bao nhiêu năm?,Thắng lợi của Cách mạng Tháng Tám đã lật đổ ách thống trị trong 87 năm của thực dân Pháp và lật đổ ách thống trị của phát xít Nhật tồn tại trong 5 năm.,"Dựa vào tài liệu, thắng lợi của Cách mạng Tháng Tám năm 1945 đã lật đổ ách thống trị trong 87 năm của thực dân Pháp và lật đổ ách thống trị của phát xít Nhật tồn tại trong 5 năm [Trang 27].",False,,
test_20,longcontext,Hội nghị Trung ương 6 của Đảng (tháng 11/1939) đã chủ trương thành lập mặt trận nào và đặt vấn đề gì lên hàng đầu?,"Hội nghị chủ trương thành lập Mặt trận dân tộc thống nhất phản đế Đông Dương, và đặt vấn đề dân tộc giải phóng, lấy quyền lợi dân tộc làm tối cao, lên hàng đầu thay vì đặt nặng vấn đề cách mạng ruộng đất.","Dựa vào tài liệu, Hội nghị Trung ương 6 Ban Chấp hành Trung ương Đảng (tháng 11/1939) đã chủ trương thành lập **Mặt trận dân tộc thống nhất phản đế Đông Dương** và đặt **quyền lợi dân tộc lên tối cao** [Trang 22].",False,,
test_21,longcontext,"Hội nghị Giơnevơ về Đông Dương đã thông qua Bản Tuyên bố cuối cùng vào ngày nào, và văn kiện này có ý nghĩa pháp lý gì đối với Việt Nam?","Ngày 21-7-1954, Hội nghị đã thông qua Bản Tuyên bố cuối cùng về vấn đề lập lại hòa bình ở Đông Dương. Đây là văn bản pháp lý quốc tế đầu tiên công nhận các quyền dân tộc cơ bản của nhân dân Việt Nam, Lào và Campuchia là độc lập, chủ quyền, thống nhất và toàn vẹn lãnh thổ, đánh dấu kết thúc thắng lợi cuộc kháng chiến chống thực dân Pháp xâm lược.","Dựa vào tài liệu:

- Hội nghị Giơnevơ về Đông Dương đã thông qua Bản Tuyên bố cuối cùng vào **ngày 21-7-1954** [Trang 41].
- Ý nghĩa pháp lý: Đây là **văn bản pháp lý quốc tế đầu tiên công nhận các quyền dân tộc cơ bản của nhân dân Việt Nam, Lao và Campuchia** (độc lập, chủ quyền, thống nhất và toàn vẹn lãnh thổ); đánh dấu kết thúc thắng lợi cuộc kháng chiến chống thực dân Pháp xâm lược; mở ra một trang sử mới cho dân tộc Việt Nam và mở đường cho cuộc đấu tranh giành độc lập, thống nhất hoàn toàn cho nhân dân ba nước Đông Dương sau này [Trang 41].",False,,
test_22,longcontext,"Đến tháng 7-1956, cải cách ruộng đất ở miền Bắc căn bản hoàn thành với kết quả cụ thể như thế nào về số người, số hộ nông dân và diện tích ruộng đất được chia?",Hơn 9 triệu người trong hơn 2 triệu hộ nông dân lao động được chia hơn 810.000 ha ruộng đất.,"Dựa vào tài liệu:

Đến tháng 7-1956, cải cách ruộng đất đã căn bản hoàn thành ở đồng bằng, trung du và miền núi, với kết quả: hơn 9 triệu người trong hơn 2 triệu hộ nông dân lao động được chia hơn 810.000 ha ruộng đất [Trang 45].",False,,
test_23,longcontext,"Qua hai lần chống chiến tranh phá hoại của đế quốc Mỹ, quân dân miền Bắc đã bắn rơi bao nhiêu máy bay và bắn cháy bao nhiêu tàu chiến?","Quân dân miền Bắc đã bắn rơi 4.181 máy bay (trong đó có nhiều B.52), bắn cháy 271 tàu chiến, bắt hàng trăm giặc lái Mỹ.","Dựa vào tài liệu, qua hai lần chống chiến tranh phá hoại của đế quốc Mỹ, quân dân miền Bắc đã bắn rơi 4.181 máy bay và bắn cháy 271 tàu chiến [Trang 58].",False,,
test_24,longcontext,Đại hội đại biểu toàn quốc lần thứ VI của Đảng (năm 1986) đề ra đường lối Đổi mới với những nội dung cụ thể nào?,KHÔNG CÓ THÔNG TIN TRONG TÀI LIỆU,Không tìm thấy thông tin trong tài liệu.,True,,
test_25,longcontext,Số lượng giặc lái Mỹ cụ thể bị quân dân miền Bắc bắt sống trong hai lần chống chiến tranh phá hoại là bao nhiêu người?,KHÔNG CÓ THÔNG TIN TRONG TÀI LIỆU,Không tìm thấy thông tin trong tài liệu.,True,,
test_26,longcontext,"Theo Điều 44 của Hiến pháp, công dân có nghĩa vụ gì với Tổ quốc và tội nào được xác định là tội nặng nhất?",Công dân có nghĩa vụ trung thành với Tổ quốc. Phản bội Tổ quốc là tội nặng nhất.,"Theo Điều 44 của Hiến pháp, công dân có nghĩa vụ trung thành với Tổ quốc, và phản bội Tổ quốc là tội nặng nhất [Trang 10].",False,,
test_27,longcontext,"Tài sản hợp pháp của cá nhân, tổ chức đầu tư, sản xuất, kinh doanh được pháp luật bảo hộ ra sao theo khoản 3 Điều 51 của Hiến pháp?","Tài sản hợp pháp của cá nhân, tổ chức đầu tư, sản xuất, kinh doanh được pháp luật bảo hộ và không bị quốc hữu hóa.","Theo khoản 3 Điều 51 của Hiến pháp, tài sản hợp pháp của cá nhân, tổ chức đầu tư, sản xuất, kinh doanh được pháp luật bảo hộ và không bị quốc hữu hóa [Trang 11].",False,,
test_28,longcontext,"Sau khi được Quốc hội bầu, những chức danh lãnh đạo cấp cao nào phải tuyên thệ trung thành với Tổ quốc, Nhân dân và Hiến pháp?","Sau khi được bầu, Chủ tịch nước, Chủ tịch Quốc hội, Thủ tướng Chính phủ, Chánh án Tòa án nhân dân tối cao phải tuyên thệ trung thành với Tổ quốc, Nhân dân và Hiến pháp;","Sau khi được Quốc hội bầu, những chức danh lãnh đạo cấp cao phải tuyên thệ trung thành với Tổ quốc, Nhân dân và Hiến pháp bao gồm:
- Chủ tịch nước [Trang 16]
- Chủ tịch Quốc hội [Trang 16]
- Thủ tướng Chính phủ [Trang 16]
- Chánh án Tòa án nhân dân tối cao [Trang 16]",False,,
test_29,longcontext,"Theo Hiến pháp, việc bắt, giam, giữ, khởi tố đại biểu Quốc hội phải tuân thủ điều kiện gì?","Không được bắt, giam, giữ, khởi tố đại biểu Quốc hội nếu không có sự đồng ý của Quốc hội hoặc trong thời gian Quốc hội không họp, không có sự đồng ý của Ủy ban thường vụ Quốc hội; trong trường hợp đại biểu Quốc hội phạm tội quả tang mà bị tạm giữ thì cơ quan tạm giữ phải lập tức báo cáo để Quốc hội hoặc Ủy ban thường vụ Quốc hội xem xét, quyết định.","Theo Hiến pháp, không được bắt, giam, giữ, khởi tố đại biểu Quốc hội nếu không có sự đồng ý của Quốc hội hoặc trong thời gian Quốc hội không họp, không có sự đồng ý của Ủy ban thường vụ Quốc hội [Trang 20]. Trong trường hợp đại biểu Quốc hội phạm tội quả tang mà bị tạm giữ thì cơ quan tạm giữ phải lập tức báo cáo để Quốc hội hoặc Ủy ban thường vụ Quốc hội xem xét, quyết định [Trang 20].",False,,
test_30,longcontext,"Thủ tướng Chính phủ có thẩm quyền gì đối với các văn bản của cơ quan cấp dưới trái với Hiến pháp, luật và văn bản của cấp trên?","Đình chỉ việc thi hành hoặc bãi bỏ văn bản của Bộ trưởng, Thủ trưởng cơ quan ngang bộ, Ủy ban nhân dân, Chủ tịch Ủy ban nhân dân tỉnh, thành phố trực thuộc trung ương trái với Hiến pháp, luật và văn bản của cơ quan nhà nước cấp trên; đình chỉ việc thi hành nghị quyết của Hội đồng nhân dân tỉnh, thành phố trực thuộc trung ương trái với Hiến pháp, luật và văn bản của cơ quan nhà nước cấp trên, đồng thời đề nghị Ủy ban thường vụ Quốc hội bãi bỏ;","Theo tài liệu, Thủ tướng Chính phủ có thẩm quyền đối với các văn bản của cơ quan cấp dưới trái với Hiến pháp, luật và văn bản của cơ quan nhà nước cấp trên như sau:

- Đình chỉ việc thi hành hoặc bãi bỏ văn bản của Bộ trưởng, Thủ trưởng cơ quan ngang bộ, Ủy ban nhân dân, Chủ tịch Ủy ban nhân dân tỉnh, thành phố trực thuộc trung ương trái với Hiến pháp, luật và văn bản của cơ quan nhà nước cấp trên [Trang 25].
- Đình chỉ việc thi hành nghị quyết của Hội đồng nhân dân tỉnh, thành phố trực thuộc trung ương trái với Hiến pháp, luật và văn bản của cơ quan nhà nước cấp trên, đồng thời đề nghị Ủy ban thường vụ Quốc hội bãi bỏ [Trang 25].",False,,
test_31,longcontext,Hiến pháp xác định nhiệm vụ trọng tâm của Tòa án nhân dân là gì?,"Tòa án nhân dân có nhiệm vụ bảo vệ công lý, bảo vệ quyền con người, quyền công dân, bảo vệ chế độ xã hội chủ nghĩa, bảo vệ lợi ích của Nhà nước, quyền và lợi ích hợp pháp của tổ chức, cá nhân.","Dựa trên tài liệu, Tòa án nhân dân có nhiệm vụ: bảo vệ công lý, bảo vệ quyền con người, quyền công dân, bảo vệ chế độ xã hội chủ nghĩa, bảo vệ lợi ích của Nhà nước, quyền và lợi ích hợp pháp của tổ chức, cá nhân [Trang 26].",False,,
test_32,longcontext,Khảo sát 'Nơi làm việc tốt nhất Việt Nam' năm 2014 do những đơn vị nào phối hợp triển khai và phương thức thực hiện khảo sát ra sao?,Đây là kết quả từ khảo sát 'Nơi làm việc tốt nhất Việt Nam' do mạng cộng đồng nghề nghiệp cấp quản lý Anphabe và Công ty Nghiên cứu thị trường Nielsen phối hợp thực hiện hàng năm. Khảo sát năm nay được triển khai trực tuyến từ tháng 10/2014 - 1/2015 với 15.578 đáp viên thuộc 24 ngành nghề trên toàn quốc hoàn thành.,"Dựa trên tài liệu, khảo sát ""Nơi làm việc tốt nhất Việt Nam"" năm 2014 do mạng cộng đồng nghề nghiệp Anphabe và Công ty Nghiên cứu thị trường Nielsen phối hợp thực hiện hàng năm [Trang 35]. 

Phương thức thực hiện khảo sát:
* Khảo sát được triển khai trực tuyến từ tháng 10/2014 – 1/2015 với 15.578 đáp viên thuộc 24 ngành nghề trên toàn quốc hoàn thành [Trang 35].
* Điểm mới của khảo sát là các doanh nghiệp vừa được đánh giá bởi ý kiến của nhân viên nội bộ, vừa được đánh giá bởi các nhân lực hoạt động bên ngoài hoạt động cùng ngành [Trang 35].",False,,
test_33,longcontext,"Năm 2014, các bên liên quan có thể phản ánh thông tin nhạy cảm hoặc cần bảo mật tới bộ phận tuân thủ của Vinamilk qua địa chỉ email nào?","Ngoài ra, đối với các trường hợp có tính chất nhạy cảm hoặc người lao động muốn bảo mật thông tin thì có thể liên hệ qua kênh thông tin của bộ phận tuân thủ bằng email (compliance@vinamilk.com.vn) hoặc điện thoại.","Dựa trên tài liệu, vào năm 2014, người lao động và các bên liên quan có thể liên hệ qua email của bộ phận tuân thủ để phản ánh các trường hợp có tính chất nhạy cảm hoặc muốn bảo mật thông tin [Trang 27]:

`compliance@vinamilk.com.vn`",False,,
test_34,longcontext,Trách nhiệm của Vinamilk đối với người tiêu dùng được thể hiện cụ thể qua 3 vấn đề trọng tâm nào?,"Trách nhiệm của Vinamilk đối với người tiêu dùng thể hiện qua 3 vấn đề: sản phẩm an toàn cho sức khỏe; sản phẩm mang lại giá trị dinh dưỡng, giải quyết các vấn đề và nâng cao sức khỏe; thông tin đầy đủ, trung thực.","Dựa trên tài liệu, trách nhiệm của Vinamilk đối với người tiêu dùng được thể hiện qua 3 vấn đề:
1. Sản phẩm an toàn cho sức khỏe [Trang 41].
2. Sản phẩm mang lại giá trị dinh dưỡng, giải quyết các vấn đề và nâng cao sức khỏe [Trang 41].
3. Thông tin đầy đủ, trung thực [Trang 41].",False,,
test_35,longcontext,"Chương trình 'Cùng Vinamilk tích lũy điểm, vui xuân đón Tết' đã hỗ trợ tổng kinh phí bao nhiêu tiền cho các hộ nông dân?","Vinamilk đã hỗ trợ tổng cộng hơn 45,7 tỷ đồng cho 6.105 hộ trên tổng số 6.618 hộ dân đang bán sữa cho Vinamilk. Trung bình, mỗi hộ dân được nhận khoảng 7,5 triệu đồng.","Dựa trên tài liệu, chương trình ""Cùng Vinamilk tích lũy điểm, vui xuân đón Tết"" đã hỗ trợ tổng cộng hơn 45,7 tỷ đồng cho các hộ nông dân [Trang 34].",False,,
test_36,longcontext,Hội nghị Ban Chấp hành Trung ương Đảng họp từ ngày 14 đến ngày 31/10/1930 tại Hương Cảng đã quyết định đổi tên Đảng là gì và bầu ai làm Tổng Bí thư?,"Từ ngày 14 đến ngày 31/10/1930, Hội nghị Ban Chấp hành Trung ương lần thứ nhất họp tại Hương Cảng (Trung Quốc), hội nghị đã đổi tên Đảng Cộng sản Việt nam thành Đảng Cộng sản Đông Dương. Hội nghị đã bầu đồng chí Trần Phú làm Tổng Bí thư và đã thông qua Luận cương chính trị tháng 10/1930, với những nội dung:","Dựa vào tài liệu:

Tại Hội nghị Ban Chấp hành Trung ương lần thứ nhất họp từ ngày 14 đến ngày 31/10/1930 tại Hương Cảng, Đảng đã quyết định đổi tên thành **Đảng Cộng sản Đông Dương** và bầu đồng chí **Trần Phú** làm Tổng Bí thư [Trang 17].",False,,
test_37,longcontext,"Tháng 6 năm 1925, Nguyễn Ái Quốc đã thành lập tổ chức tiền thân nào của Đảng tại Quảng Châu và cơ quan ngôn luận của tổ chức này là tờ báo gì?","Về tổ chức, Nguyễn Ái Quốc thành lập Hội Việt Nam Cách mạng Thanh niên (6-1925) tại Quảng Châu (đây cũng là tổ chức tiền thân của Đảng Cộng sản Việt Nam sau này). Tổ chức gồm 5 cấp: trung ương bộ, kỳ bộ, tỉnh bộ, huyện bộ và chi bộ. Tổng bộ là cơ quan lãnh đạo cao nhất giữa hai kỳ đại hội. Hội ra tờ báo Thanh niên (số đầu tiên 21-6-1925) là cơ quan ngôn luận của Hội Việt Nam Cách mạng Thanh niên.","Dựa vào tài liệu, tháng 6 năm 1925, Nguyễn Ái Quốc đã thành lập Hội Việt Nam Cách mạng Thanh niên tại Quảng Châu (đây là tổ chức tiền thân của Đảng Cộng sản Việt Nam sau này) [Trang 13]. Cơ quan ngôn luận của Hội là tờ báo *Thanh niên* (số đầu tiên ra ngày 21-6-1925) [Trang 13].",False,,
test_38,longcontext,Bản dự thảo Đường lối cách mạng miền Nam tháng 8-1956 do ai soạn thảo và nêu rõ quan điểm gì về con đường cứu nước?,"Từ thực tiễn cuộc đấu tranh cách mạng của nhân dân miền Nam, tháng 8-1956, Lê Duẩn đã dự thảo Đường lối cách mạng miền Nam, nêu rõ chế độ thống trị của Mỹ - Diệm ở miền Nam là một chế độ độc tài, phát xít, hiếu chiến. Để chống đế quốc Mỹ và tay sai, nhân dân miền Nam chỉ có con đường cứu nước và tự cứu mình là con đường cách mạng. Ngoài con đường cách mạng không có một con đường khác.","Dựa vào tài liệu, bản dự thảo Đường lối cách mạng miền Nam tháng 8-1956 do **Lê Duẩn** soạn thảo và nêu rõ quan điểm: ""chế độ thống trị cua Mỹ Diêm ở miền Nam la một chế độ độc tai, phát xít, hiếu chiến. Để chống đế quốc Mỹ va tay sai, nhân dân miền Nam chỉ có con đường cứu nước va tư cứu mình la con đường cách mạng. Ngoai con đường cách mạng không có một con đường khác"" [Trang 45, 46].",False,,
test_39,longcontext,Chiến dịch Hồ Chí Minh lịch sử giải phóng Sài Gòn - Gia Định bắt đầu từ ngày nào và kết thúc thắng lợi vào thời điểm nào?,"Sau khi tạo thế và lực, chuẩn bị khẩn trương kế hoạch tác chiến chiến dịch, ngày 26-4-1975, Chiến dịch Hồ Chí Minh giải phóng Sài Gòn-Gia Định bắt đầu. Sau 4 ngày đêm tiến công dũng mãnh, vào lúc 11 giờ 30 phút ngày 30-4-1975, lá cờ chiến thắng đã được cắm trên dinh Độc Lập.","Dựa vào tài liệu, Chiến dịch Hồ Chí Minh giải phóng Sài Gòn - Gia Định bắt đầu từ **ngày 26-4-1975** và kết thúc thắng lợi vào lúc **11 giờ 30 phút ngày 30-4-1975** [Trang 57].",False,,
test_40,longcontext,"Theo Hiến pháp, Ủy ban thường vụ Quốc hội có quyền hạn gì khi Quốc hội không thể họp để tuyên bố tình trạng chiến tranh, và Chính phủ có trách nhiệm gì đối với Hội đồng dân tộc khi ban hành chính sách?","Ủy ban thường vụ Quốc hội có nhiệm vụ, quyền hạn: 'Quyết định việc tuyên bố tình trạng chiến tranh trong trường hợp Quốc hội không thể họp được và báo cáo Quốc hội quyết định tại kỳ họp gần nhất;'. Khi ban hành quy định thực hiện chính sách dân tộc: 'Khi ban hành quy định thực hiện chính sách dân tộc, Chính phủ phải lấy ý kiến của Hội đồng dân tộc.'.","Theo Hiến pháp, Ủy ban thường vụ Quốc hội có quyền quyết định việc tuyên bố tình trạng chiến tranh trong trường hợp Quốc hội không thể họp được và báo cáo Quốc hội quyết định tại kỳ họp gần nhất [Trang 18]. 

Về phía Chính phủ, khi ban hành quy định thực hiện chính sách dân tộc, Chính phủ phải lấy ý kiến của Hội đồng dân tộc [Trang 19].",False,,
test_41,longcontext,Chương trình thay thế nguồn năng lượng địa khai FO bằng CNG và Biomass trong năm 2014 đạt kết quả tổng thể như thế nào và chi phí thực hiện thay thế đèn Led tiết kiệm năng lượng tại các nhà máy là bao nhiêu?,"Chương trình thay thế nguồn năng lượng địa khai (FO) bằng nguồn năng lượng sạch (CNG và Biomass) được triển khai rộng rãi trong năm 2014 với kết quả 13/13 nhà máy đã chuyển đổi hoàn toàn sang sử dụng nguồn năng lượng mới. Chương trình thay thế đèn Led chiếu sáng nhằm tiết kiệm năng lượng trong năm 2014 đã triển khai ở 8 nhà máy còn lại với tổng chi phí 13,1 tỷ đồng.","Dựa trên tài liệu, kết quả tổng thể của chương trình thay thế nguồn năng lượng địa khai FO bằng CNG và Biomass trong năm 2014 là: **13/13 nhà máy** đã chuyển đổi hoàn toàn sang sử dụng nguồn năng lượng mới [Trang 41]. Tổng lượng tiết kiệm quy đổi qua kg dầu FO là **3.663.645 kg** [Trang 41].

Chi phí thực hiện thay thế thiết bị chiếu sáng bằng đèn Led tiết kiệm năng lượng tại 8 nhà máy là **13,1 tỷ đồng** (tính tới cuối năm 2014, chương trình đã hoàn tất tổng cộng tại 12 nhà máy) [Trang 43].",False,,
test_42,longcontext,Hội nghị lần thứ 11 và 12 của Ban Chấp hành Trung ương Đảng năm 1965 đã hạ quyết tâm chiến lược gì và mục tiêu chiến lược chống Mỹ cứu nước được xác định ra sao?,"Hạ quyết tâm chiến lược: 'Động viên lực lượng của cả nước, kiên quyết đánh bại cuộc chiến tranh xâm lược của đế quốc Mỹ trong bất cứ tình huống nào, để bảo vệ miền Bắc, giải phóng miền Nam, hoàn thành cách mạng dân tộc dân chủ nhân dân trong cả nước, tiến tới thực hiện hòa bình thống nhất nước nhà'. Mục tiêu chiến lược: 'Kiên quyết đánh bại cuộc chiến tranh xâm lược của đế quốc Mỹ trong bất kỳ tình huống nào, nhằm bảo vệ miền Bắc, giải phóng miền Nam, hoàn thành cách mạng dân tộc dân chủ nhân dân trong cả nước, tiến tới thực hiện hòa bình thống nhất nước nhà'.","Dựa vào tài liệu, Hội nghị lần thứ 11 (3-1965) và Hội nghị lần thứ 12 (12-1965) của Ban Chấp hành Trung ương Đảng đã hạ quyết tâm chiến lược: ""Động viên lực lượng của cả nước, kiên quyết đánh bại cuộc chiến tranh xâm lược của đế quốc Mỹ trong bất cứ tình huống nào, để bảo vệ miền Bắc, giải phóng miền Nam, hoàn thành cách mạng dân tộc dân chủ nhân dân trong cả nước, tiến tới thực hiện hòa bình thống nhất nước nhà"" [Trang 50].

Mục tiêu chiến lược của cuộc kháng chiến chống Mỹ, cứu nước được xác định là: Kiên quyết đánh bại cuộc chiến tranh xâm lược của đế quốc Mỹ trong bất kỳ tình huống nào, nhằm bảo vệ miền Bắc, giải phóng miền Nam, hoàn thành cách mạng dân tộc dân chủ nhân dân trong cả nước, tiến tới thực hiện hòa bình thống nhất nước nhà [Trang 50-51].",False,,
test_43,longcontext,Hiến pháp quy định cụ thể mức thuế suất thuế giá trị gia tăng (VAT) đối với mặt hàng sữa tươi tiệt trùng là bao nhiêu phần trăm?,KHÔNG CÓ THÔNG TIN TRONG TÀI LIỆU,Không tìm thấy thông tin trong tài liệu.,True,,
test_44,longcontext,Điều 70 của Hiến pháp quy định mức trần dư nợ công tối đa của Việt Nam không được vượt quá bao nhiêu phần trăm GDP?,KHÔNG CÓ THÔNG TIN TRONG TÀI LIỆU,Không tìm thấy thông tin trong tài liệu.,True,,
test_45,longcontext,Doanh thu xuất khẩu chi tiết sang thị trường Vương quốc Anh của Vinamilk trong năm 2014 đạt bao nhiêu triệu USD?,KHÔNG CÓ THÔNG TIN TRONG TÀI LIỆU,Không tìm thấy thông tin trong tài liệu.,True,,
test_46,longcontext,Thị phần sữa chua ăn và sữa nước của tập đoàn Dutch Lady (Cô Gái Hà Lan) tại thị trường Việt Nam năm 2014 là bao nhiêu phần trăm?,KHÔNG CÓ THÔNG TIN TRONG TÀI LIỆU,Không tìm thấy thông tin trong tài liệu.,True,,
test_47,longcontext,Vinamilk cam kết đến năm 2030 sẽ đạt mức phát thải ròng bằng 0 (Net Zero) theo lộ trình cụ thể nào?,KHÔNG CÓ THÔNG TIN TRONG TÀI LIỆU,Không tìm thấy thông tin trong tài liệu.,True,,
test_48,longcontext,Chi tiết diễn biến và các hiệp định thương mại tự do song phương được ký kết tại Đại hội đại biểu toàn quốc lần thứ VII của Đảng năm 1991 là gì?,KHÔNG CÓ THÔNG TIN TRONG TÀI LIỆU,Không tìm thấy thông tin trong tài liệu.,True,,
test_49,longcontext,Số lượng các khẩu pháo phòng không 37mm cụ thể được trang bị cho từng trung đoàn phòng không trong chiến dịch Điện Biên Phủ 1954 là bao nhiêu?,KHÔNG CÓ THÔNG TIN TRONG TÀI LIỆU,Không tìm thấy thông tin trong tài liệu.,True,,
test_50,longcontext,Số lượng xe tăng chiến đấu T-54 và T-55 cụ thể mà quân đội ta huy động trong chiến dịch Tây Nguyên tháng 3-1975 là bao nhiêu chiếc?,KHÔNG CÓ THÔNG TIN TRONG TÀI LIỆU,Không tìm thấy thông tin trong tài liệu.,True,,
