question_id,config,hit_at_3,retrieved_chunk_ids,retrieved_pages
test_01,hybrid,1,"[""normal_hienphap_33tr.pdf_p7_c0"", ""normal_hienphap_33tr.pdf_bridge_6-7"", ""normal_hienphap_33tr.pdf_p10_c0""]","[7, ""6-7"", 10]"
test_01,dense_only,1,"[""normal_hienphap_33tr.pdf_p7_c0"", ""normal_hienphap_33tr.pdf_bridge_6-7"", ""normal_hienphap_33tr.pdf_p6_intrabridge0""]","[7, ""6-7"", 6]"
test_01,bm25_only,1,"[""normal_hienphap_33tr.pdf_bridge_6-7"", ""normal_hienphap_33tr.pdf_p7_c0"", ""normal_hienphap_33tr.pdf_bridge_26-27""]","[""6-7"", 7, ""26-27""]"
test_02,hybrid,1,"[""normal_hienphap_33tr.pdf_p9_c0"", ""normal_hienphap_33tr.pdf_p9_intrabridge0"", ""normal_hienphap_33tr.pdf_p7_intrabridge0""]","[9, 9, 7]"
test_02,dense_only,1,"[""normal_hienphap_33tr.pdf_p9_c0"", ""normal_hienphap_33tr.pdf_p7_intrabridge0"", ""normal_hienphap_33tr.pdf_bridge_7-8""]","[9, 7, ""7-8""]"
test_02,bm25_only,1,"[""normal_hienphap_33tr.pdf_p9_c0"", ""normal_hienphap_33tr.pdf_bridge_8-9"", ""normal_hienphap_33tr.pdf_p9_intrabridge0""]","[9, ""8-9"", 9]"
test_03,hybrid,1,"[""normal_hienphap_33tr.pdf_bridge_13-14"", ""normal_hienphap_33tr.pdf_p13_c1"", ""normal_hienphap_33tr.pdf_p13_intrabridge0""]","[""13-14"", 13, 13]"
test_03,dense_only,1,"[""normal_hienphap_33tr.pdf_bridge_13-14"", ""normal_hienphap_33tr.pdf_p13_c1"", ""normal_hienphap_33tr.pdf_p13_intrabridge0""]","[""13-14"", 13, 13]"
test_03,bm25_only,1,"[""normal_hienphap_33tr.pdf_p13_c1"", ""normal_hienphap_33tr.pdf_bridge_13-14"", ""normal_hienphap_33tr.pdf_bridge_12-13""]","[13, ""13-14"", ""12-13""]"
test_04,hybrid,1,"[""normal_hienphap_33tr.pdf_p21_intrabridge0"", ""normal_hienphap_33tr.pdf_p21_c0"", ""normal_hienphap_33tr.pdf_bridge_16-17""]","[21, 21, ""16-17""]"
test_04,dense_only,1,"[""normal_hienphap_33tr.pdf_bridge_20-21"", ""normal_hienphap_33tr.pdf_p21_intrabridge0"", ""normal_hienphap_33tr.pdf_p21_c0""]","[""20-21"", 21, 21]"
test_04,bm25_only,1,"[""normal_hienphap_33tr.pdf_p21_intrabridge0"", ""normal_hienphap_33tr.pdf_p21_c0"", ""normal_hienphap_33tr.pdf_bridge_16-17""]","[21, 21, ""16-17""]"
test_05,hybrid,1,"[""normal_hienphap_33tr.pdf_p30_intrabridge1"", ""normal_hienphap_33tr.pdf_bridge_30-31"", ""normal_hienphap_33tr.pdf_p30_c1""]","[30, ""30-31"", 30]"
test_05,dense_only,1,"[""normal_hienphap_33tr.pdf_p30_intrabridge1"", ""normal_hienphap_33tr.pdf_bridge_30-31"", ""normal_hienphap_33tr.pdf_p30_c2""]","[30, ""30-31"", 30]"
test_05,bm25_only,1,"[""normal_hienphap_33tr.pdf_bridge_30-31"", ""normal_hienphap_33tr.pdf_p30_intrabridge1"", ""normal_hienphap_33tr.pdf_p30_c1""]","[""30-31"", 30, 30]"
test_09,hybrid,1,"[""normal_vinamilkbaocao2014_53tr.pdf_p6_intrabridge1"", ""normal_vinamilkbaocao2014_53tr.pdf_p6_c1"", ""normal_vinamilkbaocao2014_53tr.pdf_p6_c2""]","[6, 6, 6]"
test_09,dense_only,1,"[""normal_vinamilkbaocao2014_53tr.pdf_p6_intrabridge1"", ""normal_vinamilkbaocao2014_53tr.pdf_p6_c1"", ""normal_vinamilkbaocao2014_53tr.pdf_p6_c2""]","[6, 6, 6]"
test_09,bm25_only,1,"[""normal_vinamilkbaocao2014_53tr.pdf_p6_c1"", ""normal_vinamilkbaocao2014_53tr.pdf_p6_intrabridge1"", ""normal_vinamilkbaocao2014_53tr.pdf_p6_intrabridge0""]","[6, 6, 6]"
test_10,hybrid,1,"[""normal_vinamilkbaocao2014_53tr.pdf_bridge_7-8"", ""normal_vinamilkbaocao2014_53tr.pdf_p41_c1"", ""normal_vinamilkbaocao2014_53tr.pdf_p17_c3""]","[""7-8"", 41, 17]"
test_10,dense_only,0,"[""normal_vinamilkbaocao2014_53tr.pdf_p9_intrabridge0"", ""normal_vinamilkbaocao2014_53tr.pdf_p6_intrabridge0"", ""normal_vinamilkbaocao2014_53tr.pdf_p6_c1""]","[9, 6, 6]"
test_10,bm25_only,1,"[""normal_vinamilkbaocao2014_53tr.pdf_p8_c0"", ""normal_vinamilkbaocao2014_53tr.pdf_bridge_8-9"", ""normal_vinamilkbaocao2014_53tr.pdf_bridge_7-8""]","[8, ""8-9"", ""7-8""]"
test_11,hybrid,1,"[""normal_vinamilkbaocao2014_53tr.pdf_p9_intrabridge0"", ""normal_vinamilkbaocao2014_53tr.pdf_p9_c0"", ""normal_vinamilkbaocao2014_53tr.pdf_p7_c2""]","[9, 9, 7]"
test_11,dense_only,1,"[""normal_vinamilkbaocao2014_53tr.pdf_p9_intrabridge0"", ""normal_vinamilkbaocao2014_53tr.pdf_p9_c0"", ""normal_vinamilkbaocao2014_53tr.pdf_p6_c1""]","[9, 9, 6]"
test_11,bm25_only,1,"[""normal_vinamilkbaocao2014_53tr.pdf_p9_c0"", ""normal_vinamilkbaocao2014_53tr.pdf_p9_intrabridge0"", ""normal_vinamilkbaocao2014_53tr.pdf_p33_intrabridge0""]","[9, 9, 33]"
test_12,hybrid,1,"[""normal_vinamilkbaocao2014_53tr.pdf_p20_c0"", ""normal_vinamilkbaocao2014_53tr.pdf_p33_intrabridge1"", ""normal_vinamilkbaocao2014_53tr.pdf_bridge_17-18""]","[20, 33, ""17-18""]"
test_12,dense_only,0,"[""normal_vinamilkbaocao2014_53tr.pdf_p41_c1"", ""normal_vinamilkbaocao2014_53tr.pdf_p6_c1"", ""normal_vinamilkbaocao2014_53tr.pdf_p6_intrabridge1""]","[41, 6, 6]"
test_12,bm25_only,1,"[""normal_vinamilkbaocao2014_53tr.pdf_p20_c0"", ""normal_vinamilkbaocao2014_53tr.pdf_p20_intrabridge0"", ""normal_vinamilkbaocao2014_53tr.pdf_p33_intrabridge1""]","[20, 20, 33]"
test_13,hybrid,1,"[""normal_vinamilkbaocao2014_53tr.pdf_bridge_26-27"", ""normal_vinamilkbaocao2014_53tr.pdf_p26_intrabridge2"", ""normal_vinamilkbaocao2014_53tr.pdf_p26_c3""]","[""26-27"", 26, 26]"
test_13,dense_only,1,"[""normal_vinamilkbaocao2014_53tr.pdf_bridge_26-27"", ""normal_vinamilkbaocao2014_53tr.pdf_p26_c3"", ""normal_vinamilkbaocao2014_53tr.pdf_bridge_19-20""]","[""26-27"", 26, ""19-20""]"
test_13,bm25_only,1,"[""normal_vinamilkbaocao2014_53tr.pdf_bridge_26-27"", ""normal_vinamilkbaocao2014_53tr.pdf_p26_c0"", ""normal_vinamilkbaocao2014_53tr.pdf_p26_intrabridge2""]","[""26-27"", 26, 26]"
test_14,hybrid,1,"[""normal_vinamilkbaocao2014_53tr.pdf_p36_c0"", ""normal_vinamilkbaocao2014_53tr.pdf_bridge_36-37"", ""normal_vinamilkbaocao2014_53tr.pdf_p37_intrabridge0""]","[36, ""36-37"", 37]"
test_14,dense_only,1,"[""normal_vinamilkbaocao2014_53tr.pdf_p36_c0"", ""normal_vinamilkbaocao2014_53tr.pdf_p36_intrabridge1"", ""normal_vinamilkbaocao2014_53tr.pdf_p7_c2""]","[36, 36, 7]"
test_14,bm25_only,1,"[""normal_vinamilkbaocao2014_53tr.pdf_p37_c0"", ""normal_vinamilkbaocao2014_53tr.pdf_p37_intrabridge0"", ""normal_vinamilkbaocao2014_53tr.pdf_p50_c0""]","[37, 37, 50]"
test_18,hybrid,1,"[""normal_lichsudang_C1&2_60tr.pdf_p24_c1"", ""normal_lichsudang_C1&2_60tr.pdf_p13_c0"", ""normal_lichsudang_C1&2_60tr.pdf_bridge_12-13""]","[24, 13, ""12-13""]"
test_18,dense_only,1,"[""normal_lichsudang_C1&2_60tr.pdf_p13_c0"", ""normal_lichsudang_C1&2_60tr.pdf_p31_c2"", ""normal_lichsudang_C1&2_60tr.pdf_p24_c1""]","[13, 31, 24]"
test_18,bm25_only,1,"[""normal_lichsudang_C1&2_60tr.pdf_p24_intrabridge1"", ""normal_lichsudang_C1&2_60tr.pdf_p24_c1"", ""normal_lichsudang_C1&2_60tr.pdf_p14_intrabridge0""]","[24, 24, 14]"
test_19,hybrid,1,"[""normal_lichsudang_C1&2_60tr.pdf_p27_c0"", ""normal_lichsudang_C1&2_60tr.pdf_bridge_26-27"", ""normal_lichsudang_C1&2_60tr.pdf_p33_intrabridge1""]","[27, ""26-27"", 33]"
test_19,dense_only,1,"[""normal_lichsudang_C1&2_60tr.pdf_p27_c0"", ""normal_lichsudang_C1&2_60tr.pdf_bridge_26-27"", ""normal_lichsudang_C1&2_60tr.pdf_p26_c2""]","[27, ""26-27"", 26]"
test_19,bm25_only,1,"[""normal_lichsudang_C1&2_60tr.pdf_p27_c0"", ""normal_lichsudang_C1&2_60tr.pdf_bridge_26-27"", ""normal_lichsudang_C1&2_60tr.pdf_p25_c0""]","[27, ""26-27"", 25]"
test_20,hybrid,0,"[""normal_lichsudang_C1&2_60tr.pdf_p22_c1"", ""normal_lichsudang_C1&2_60tr.pdf_p22_intrabridge1"", ""normal_lichsudang_C1&2_60tr.pdf_p22_intrabridge0""]","[22, 22, 22]"
test_20,dense_only,0,"[""normal_lichsudang_C1&2_60tr.pdf_p22_intrabridge0"", ""normal_lichsudang_C1&2_60tr.pdf_p22_c1"", ""normal_lichsudang_C1&2_60tr.pdf_p22_intrabridge1""]","[22, 22, 22]"
test_20,bm25_only,0,"[""normal_lichsudang_C1&2_60tr.pdf_p14_intrabridge0"", ""normal_lichsudang_C1&2_60tr.pdf_p22_intrabridge1"", ""normal_lichsudang_C1&2_60tr.pdf_p22_c1""]","[14, 22, 22]"
test_21,hybrid,1,"[""normal_lichsudang_C1&2_60tr.pdf_p41_c0"", ""normal_lichsudang_C1&2_60tr.pdf_p41_intrabridge0"", ""normal_lichsudang_C1&2_60tr.pdf_bridge_40-41""]","[41, 41, ""40-41""]"
test_21,dense_only,1,"[""normal_lichsudang_C1&2_60tr.pdf_p41_c0"", ""normal_lichsudang_C1&2_60tr.pdf_p41_intrabridge0"", ""normal_lichsudang_C1&2_60tr.pdf_p56_c2""]","[41, 41, 56]"
test_21,bm25_only,1,"[""normal_lichsudang_C1&2_60tr.pdf_p41_c0"", ""normal_lichsudang_C1&2_60tr.pdf_bridge_40-41"", ""normal_lichsudang_C1&2_60tr.pdf_bridge_11-12""]","[41, ""40-41"", ""11-12""]"
test_22,hybrid,1,"[""normal_lichsudang_C1&2_60tr.pdf_p44_c1"", ""normal_lichsudang_C1&2_60tr.pdf_p44_intrabridge0"", ""normal_lichsudang_C1&2_60tr.pdf_p39_c1""]","[44, 44, 39]"
test_22,dense_only,1,"[""normal_lichsudang_C1&2_60tr.pdf_p44_c1"", ""normal_lichsudang_C1&2_60tr.pdf_p44_intrabridge0"", ""normal_lichsudang_C1&2_60tr.pdf_p44_c0""]","[44, 44, 44]"
test_22,bm25_only,1,"[""normal_lichsudang_C1&2_60tr.pdf_p44_c1"", ""normal_lichsudang_C1&2_60tr.pdf_p44_intrabridge0"", ""normal_lichsudang_C1&2_60tr.pdf_p39_c1""]","[44, 44, 39]"
test_23,hybrid,1,"[""normal_lichsudang_C1&2_60tr.pdf_p58_c1"", ""normal_lichsudang_C1&2_60tr.pdf_p55_intrabridge1"", ""normal_lichsudang_C1&2_60tr.pdf_p55_c2""]","[58, 55, 55]"
test_23,dense_only,1,"[""normal_lichsudang_C1&2_60tr.pdf_p58_c1"", ""normal_lichsudang_C1&2_60tr.pdf_p55_c2"", ""normal_lichsudang_C1&2_60tr.pdf_p52_c1""]","[58, 55, 52]"
test_23,bm25_only,1,"[""normal_lichsudang_C1&2_60tr.pdf_p58_c1"", ""normal_lichsudang_C1&2_60tr.pdf_p55_intrabridge1"", ""normal_lichsudang_C1&2_60tr.pdf_p52_intrabridge2""]","[58, 55, 52]"
test_26,hybrid,1,"[""normal_hienphap_33tr.pdf_p10_intrabridge0"", ""normal_hienphap_33tr.pdf_bridge_10-11"", ""normal_hienphap_33tr.pdf_p10_c0""]","[10, ""10-11"", 10]"
test_26,dense_only,1,"[""normal_hienphap_33tr.pdf_p10_intrabridge0"", ""normal_hienphap_33tr.pdf_bridge_10-11"", ""normal_hienphap_33tr.pdf_p10_c0""]","[10, ""10-11"", 10]"
test_26,bm25_only,1,"[""normal_hienphap_33tr.pdf_p10_intrabridge0"", ""normal_hienphap_33tr.pdf_p10_c0"", ""normal_hienphap_33tr.pdf_bridge_10-11""]","[10, 10, ""10-11""]"
test_27,hybrid,1,"[""normal_hienphap_33tr.pdf_p11_c1"", ""normal_hienphap_33tr.pdf_bridge_11-12"", ""normal_hienphap_33tr.pdf_p11_intrabridge0""]","[11, ""11-12"", 11]"
test_27,dense_only,1,"[""normal_hienphap_33tr.pdf_p11_c1"", ""normal_hienphap_33tr.pdf_bridge_11-12"", ""normal_hienphap_33tr.pdf_p6_c0""]","[11, ""11-12"", 6]"
test_27,bm25_only,1,"[""normal_hienphap_33tr.pdf_p11_c1"", ""normal_hienphap_33tr.pdf_p11_intrabridge0"", ""normal_hienphap_33tr.pdf_bridge_11-12""]","[11, 11, ""11-12""]"
test_28,hybrid,1,"[""normal_hienphap_33tr.pdf_p16_intrabridge0"", ""normal_hienphap_33tr.pdf_p16_c0"", ""normal_hienphap_33tr.pdf_p15_intrabridge0""]","[16, 16, 15]"
test_28,dense_only,1,"[""normal_hienphap_33tr.pdf_p16_intrabridge0"", ""normal_hienphap_33tr.pdf_p3_intrabridge0"", ""normal_hienphap_33tr.pdf_p16_c0""]","[16, 3, 16]"
test_28,bm25_only,1,"[""normal_hienphap_33tr.pdf_p16_intrabridge0"", ""normal_hienphap_33tr.pdf_p16_c0"", ""normal_hienphap_33tr.pdf_p16_c1""]","[16, 16, 16]"
test_29,hybrid,1,"[""normal_hienphap_33tr.pdf_p20_intrabridge0"", ""normal_hienphap_33tr.pdf_bridge_8-9"", ""normal_hienphap_33tr.pdf_p8_c1""]","[20, ""8-9"", 8]"
test_29,dense_only,1,"[""normal_hienphap_33tr.pdf_p20_intrabridge0"", ""normal_hienphap_33tr.pdf_bridge_8-9"", ""normal_hienphap_33tr.pdf_p20_c0""]","[20, ""8-9"", 20]"
test_29,bm25_only,1,"[""normal_hienphap_33tr.pdf_p8_c1"", ""normal_hienphap_33tr.pdf_bridge_8-9"", ""normal_hienphap_33tr.pdf_p20_intrabridge0""]","[8, ""8-9"", 20]"
test_30,hybrid,1,"[""normal_hienphap_33tr.pdf_bridge_25-26"", ""normal_hienphap_33tr.pdf_p25_c1"", ""normal_hienphap_33tr.pdf_p18_c0""]","[""25-26"", 25, 18]"
test_30,dense_only,1,"[""normal_hienphap_33tr.pdf_bridge_25-26"", ""normal_hienphap_33tr.pdf_p25_c1"", ""normal_hienphap_33tr.pdf_p18_c0""]","[""25-26"", 25, 18]"
test_30,bm25_only,1,"[""normal_hienphap_33tr.pdf_bridge_25-26"", ""normal_hienphap_33tr.pdf_p18_c0"", ""normal_hienphap_33tr.pdf_p25_c1""]","[""25-26"", 18, 25]"
test_31,hybrid,1,"[""normal_hienphap_33tr.pdf_p26_c1"", ""normal_hienphap_33tr.pdf_bridge_26-27"", ""normal_hienphap_33tr.pdf_p26_intrabridge0""]","[26, ""26-27"", 26]"
test_31,dense_only,1,"[""normal_hienphap_33tr.pdf_p26_c1"", ""normal_hienphap_33tr.pdf_bridge_26-27"", ""normal_hienphap_33tr.pdf_p16_c1""]","[26, ""26-27"", 16]"
test_31,bm25_only,1,"[""normal_hienphap_33tr.pdf_p29_intrabridge0"", ""normal_hienphap_33tr.pdf_p29_c0"", ""normal_hienphap_33tr.pdf_p26_intrabridge0""]","[29, 29, 26]"
test_32,hybrid,1,"[""normal_vinamilkbaocao2014_53tr.pdf_p35_intrabridge2"", ""normal_vinamilkbaocao2014_53tr.pdf_p40_c1"", ""normal_vinamilkbaocao2014_53tr.pdf_p40_intrabridge0""]","[35, 40, 40]"
test_32,dense_only,1,"[""normal_vinamilkbaocao2014_53tr.pdf_p35_intrabridge2"", ""normal_vinamilkbaocao2014_53tr.pdf_bridge_16-17"", ""normal_vinamilkbaocao2014_53tr.pdf_p40_intrabridge0""]","[35, ""16-17"", 40]"
test_32,bm25_only,1,"[""normal_vinamilkbaocao2014_53tr.pdf_p35_c2"", ""normal_vinamilkbaocao2014_53tr.pdf_p35_intrabridge2"", ""normal_vinamilkbaocao2014_53tr.pdf_p35_intrabridge1""]","[35, 35, 35]"
test_33,hybrid,1,"[""normal_vinamilkbaocao2014_53tr.pdf_p39_intrabridge1"", ""normal_vinamilkbaocao2014_53tr.pdf_p14_c1"", ""normal_vinamilkbaocao2014_53tr.pdf_p14_intrabridge1""]","[39, 14, 14]"
test_33,dense_only,1,"[""normal_vinamilkbaocao2014_53tr.pdf_p39_intrabridge1"", ""normal_vinamilkbaocao2014_53tr.pdf_p14_intrabridge1"", ""normal_vinamilkbaocao2014_53tr.pdf_p14_c1""]","[39, 14, 14]"
test_33,bm25_only,1,"[""normal_vinamilkbaocao2014_53tr.pdf_p14_c1"", ""normal_vinamilkbaocao2014_53tr.pdf_p14_intrabridge1"", ""normal_vinamilkbaocao2014_53tr.pdf_p39_intrabridge1""]","[14, 14, 39]"
test_34,hybrid,0,"[""normal_vinamilkbaocao2014_53tr.pdf_p42_c0"", ""normal_vinamilkbaocao2014_53tr.pdf_p3_c1"", ""normal_vinamilkbaocao2014_53tr.pdf_p42_intrabridge1""]","[42, 3, 42]"
test_34,dense_only,0,"[""normal_vinamilkbaocao2014_53tr.pdf_p15_c2"", ""normal_vinamilkbaocao2014_53tr.pdf_p15_intrabridge1"", ""normal_vinamilkbaocao2014_53tr.pdf_bridge_15-16""]","[15, 15, ""15-16""]"
test_34,bm25_only,1,"[""normal_vinamilkbaocao2014_53tr.pdf_p41_c2"", ""normal_vinamilkbaocao2014_53tr.pdf_p42_c0"", ""normal_vinamilkbaocao2014_53tr.pdf_p41_intrabridge1""]","[41, 42, 41]"
test_35,hybrid,1,"[""normal_vinamilkbaocao2014_53tr.pdf_p34_c1"", ""normal_vinamilkbaocao2014_53tr.pdf_p34_intrabridge0"", ""normal_vinamilkbaocao2014_53tr.pdf_p34_intrabridge1""]","[34, 34, 34]"
test_35,dense_only,1,"[""normal_vinamilkbaocao2014_53tr.pdf_p34_c1"", ""normal_vinamilkbaocao2014_53tr.pdf_p34_intrabridge1"", ""normal_vinamilkbaocao2014_53tr.pdf_p34_intrabridge0""]","[34, 34, 34]"
test_35,bm25_only,1,"[""normal_vinamilkbaocao2014_53tr.pdf_p34_intrabridge0"", ""normal_vinamilkbaocao2014_53tr.pdf_p34_c1"", ""normal_vinamilkbaocao2014_53tr.pdf_p34_c0""]","[34, 34, 34]"
test_36,hybrid,1,"[""normal_lichsudang_C1&2_60tr.pdf_p14_intrabridge0"", ""normal_lichsudang_C1&2_60tr.pdf_p17_c2"", ""normal_lichsudang_C1&2_60tr.pdf_p17_intrabridge1""]","[14, 17, 17]"
test_36,dense_only,1,"[""normal_lichsudang_C1&2_60tr.pdf_p14_intrabridge0"", ""normal_lichsudang_C1&2_60tr.pdf_p17_c2"", ""normal_lichsudang_C1&2_60tr.pdf_p22_intrabridge0""]","[14, 17, 22]"
test_36,bm25_only,1,"[""normal_lichsudang_C1&2_60tr.pdf_p17_intrabridge1"", ""normal_lichsudang_C1&2_60tr.pdf_p17_c2"", ""normal_lichsudang_C1&2_60tr.pdf_p14_intrabridge0""]","[17, 17, 14]"
test_37,hybrid,1,"[""normal_lichsudang_C1&2_60tr.pdf_bridge_12-13"", ""normal_lichsudang_C1&2_60tr.pdf_p13_c0"", ""normal_lichsudang_C1&2_60tr.pdf_p12_intrabridge0""]","[""12-13"", 13, 12]"
test_37,dense_only,1,"[""normal_lichsudang_C1&2_60tr.pdf_bridge_12-13"", ""normal_lichsudang_C1&2_60tr.pdf_p13_c0"", ""normal_lichsudang_C1&2_60tr.pdf_p12_intrabridge0""]","[""12-13"", 13, 12]"
test_37,bm25_only,1,"[""normal_lichsudang_C1&2_60tr.pdf_bridge_12-13"", ""normal_lichsudang_C1&2_60tr.pdf_p13_c0"", ""normal_lichsudang_C1&2_60tr.pdf_p12_c0""]","[""12-13"", 13, 12]"
test_38,hybrid,1,"[""normal_lichsudang_C1&2_60tr.pdf_p46_c0"", ""normal_lichsudang_C1&2_60tr.pdf_p28_c0"", ""normal_lichsudang_C1&2_60tr.pdf_bridge_45-46""]","[46, 28, ""45-46""]"
test_38,dense_only,1,"[""normal_lichsudang_C1&2_60tr.pdf_p46_c0"", ""normal_lichsudang_C1&2_60tr.pdf_p28_c0"", ""normal_lichsudang_C1&2_60tr.pdf_p56_c3""]","[46, 28, 56]"
test_38,bm25_only,1,"[""normal_lichsudang_C1&2_60tr.pdf_bridge_45-46"", ""normal_lichsudang_C1&2_60tr.pdf_p46_c0"", ""normal_lichsudang_C1&2_60tr.pdf_p28_c0""]","[""45-46"", 46, 28]"
test_39,hybrid,1,"[""normal_lichsudang_C1&2_60tr.pdf_p57_c2"", ""normal_lichsudang_C1&2_60tr.pdf_p57_intrabridge1"", ""normal_lichsudang_C1&2_60tr.pdf_bridge_57-58""]","[57, 57, ""57-58""]"
test_39,dense_only,1,"[""normal_lichsudang_C1&2_60tr.pdf_bridge_57-58"", ""normal_lichsudang_C1&2_60tr.pdf_p57_intrabridge2"", ""normal_lichsudang_C1&2_60tr.pdf_p57_c2""]","[""57-58"", 57, 57]"
test_39,bm25_only,1,"[""normal_lichsudang_C1&2_60tr.pdf_p57_c2"", ""normal_lichsudang_C1&2_60tr.pdf_p57_intrabridge1"", ""normal_lichsudang_C1&2_60tr.pdf_bridge_27-28""]","[57, 57, ""27-28""]"
test_40,hybrid,1,"[""normal_hienphap_33tr.pdf_p23_c0"", ""normal_hienphap_33tr.pdf_p18_c1"", ""normal_hienphap_33tr.pdf_bridge_22-23""]","[23, 18, ""22-23""]"
test_40,dense_only,1,"[""normal_hienphap_33tr.pdf_p23_c0"", ""normal_hienphap_33tr.pdf_p18_c1"", ""normal_hienphap_33tr.pdf_p22_intrabridge1""]","[23, 18, 22]"
test_40,bm25_only,1,"[""normal_hienphap_33tr.pdf_p23_c0"", ""normal_hienphap_33tr.pdf_bridge_22-23"", ""normal_hienphap_33tr.pdf_p18_c1""]","[23, ""22-23"", 18]"
test_41,hybrid,1,"[""normal_vinamilkbaocao2014_53tr.pdf_bridge_21-22"", ""normal_vinamilkbaocao2014_53tr.pdf_p21_intrabridge0"", ""normal_vinamilkbaocao2014_53tr.pdf_p21_intrabridge1""]","[""21-22"", 21, 21]"
test_41,dense_only,1,"[""normal_vinamilkbaocao2014_53tr.pdf_bridge_21-22"", ""normal_vinamilkbaocao2014_53tr.pdf_p26_intrabridge2"", ""normal_vinamilkbaocao2014_53tr.pdf_p21_c2""]","[""21-22"", 26, 21]"
test_41,bm25_only,1,"[""normal_vinamilkbaocao2014_53tr.pdf_bridge_20-21"", ""normal_vinamilkbaocao2014_53tr.pdf_p21_c0"", ""normal_vinamilkbaocao2014_53tr.pdf_bridge_21-22""]","[""20-21"", 21, ""21-22""]"
test_42,hybrid,1,"[""normal_lichsudang_C1&2_60tr.pdf_p50_c1"", ""normal_lichsudang_C1&2_60tr.pdf_p51_intrabridge1"", ""normal_lichsudang_C1&2_60tr.pdf_p50_intrabridge0""]","[50, 51, 50]"
test_42,dense_only,1,"[""normal_lichsudang_C1&2_60tr.pdf_p50_c1"", ""normal_lichsudang_C1&2_60tr.pdf_bridge_50-51"", ""normal_lichsudang_C1&2_60tr.pdf_p50_c2""]","[50, ""50-51"", 50]"
test_42,bm25_only,1,"[""normal_lichsudang_C1&2_60tr.pdf_p50_c1"", ""normal_lichsudang_C1&2_60tr.pdf_p50_intrabridge0"", ""normal_lichsudang_C1&2_60tr.pdf_p51_intrabridge1""]","[50, 50, 51]"
